week_start,week_end,campaign_id,campaign_name,conversion_action_resource,conversion_action_name,conversion_action_category,conversions,conversion_value,all_conversions,all_conversion_value
2024-07-22,2024-07-28,20647427212,Performance Max-2,customers/5626118344/conversionActions/6736245036,Add Sample to Cart,OUTBOUND_CLICK,0.000000,0.000000,19.000000,0.000000
2024-07-22,2024-07-28,20647427212,Performance Max-2,customers/5626118344/conversionActions/6736236130,Add to Cart,OUTBOUND_CLICK,0.000000,0.000000,29.000000,0.000000
2024-07-22,2024-07-28,20647427212,Performance Max-2,customers/5626118344/conversionActions/6736333819,Product Question,OUTBOUND_CLICK,0.000000,0.000000,9.000000,0.000000
2024-07-22,2024-07-28,20647427212,Performance Max-2,customers/5626118344/conversionActions/858632371,SR Sales,PURCHASE,8.323581,921.860030,8.323581,921.860030
2024-07-29,2024-08-04,20647427212,Performance Max-2,customers/5626118344/conversionActions/6736245036,Add Sample to Cart,OUTBOUND_CLICK,0.000000,0.000000,22.663396,0.000000
2024-07-29,2024-08-04,20647427212,Performance Max-2,customers/5626118344/conversionActions/6736236130,Add to Cart,OUTBOUND_CLICK,0.000000,0.000000,17.274313,0.000000
2024-07-29,2024-08-04,20647427212,Performance Max-2,customers/5626118344/conversionActions/6736506428,Contact Us,OUTBOUND_CLICK,0.000000,0.000000,1.000000,0.000000
2024-07-29,2024-08-04,20647427212,Performance Max-2,customers/5626118344/conversionActions/6736333819,Product Question,OUTBOUND_CLICK,0.000000,0.000000,2.066820,0.000000
2024-07-29,2024-08-04,20647427212,Performance Max-2,customers/5626118344/conversionActions/858632371,SR Sales,PURCHASE,9.871581,939.002321,9.871581,939.002321
2024-08-05,2024-08-11,20647427212,Performance Max-2,customers/5626118344/conversionActions/6736245036,Add Sample to Cart,OUTBOUND_CLICK,0.000000,0.000000,13.324430,0.000000
2024-08-05,2024-08-11,20647427212,Performance Max-2,customers/5626118344/conversionActions/6736236130,Add to Cart,OUTBOUND_CLICK,0.000000,0.000000,18.009296,0.000000
2024-08-05,2024-08-11,20647427212,Performance Max-2,customers/5626118344/conversionActions/6736506428,Contact Us,OUTBOUND_CLICK,0.000000,0.000000,1.000000,0.000000
2024-08-05,2024-08-11,20647427212,Performance Max-2,customers/5626118344/conversionActions/6736333819,Product Question,OUTBOUND_CLICK,0.000000,0.000000,5.970157,0.000000
2024-08-05,2024-08-11,20647427212,Performance Max-2,customers/5626118344/conversionActions/858632371,SR Sales,PURCHASE,7.708694,944.314803,7.708694,944.314803
2024-08-12,2024-08-18,20647427212,Performance Max-2,customers/5626118344/conversionActions/6736245036,Add Sample to Cart,OUTBOUND_CLICK,0.000000,0.000000,29.250734,0.000000
2024-08-12,2024-08-18,20647427212,Performance Max-2,customers/5626118344/conversionActions/6736236130,Add to Cart,OUTBOUND_CLICK,0.000000,0.000000,26.023899,0.000000
2024-08-12,2024-08-18,20647427212,Performance Max-2,customers/5626118344/conversionActions/6736333819,Product Question,OUTBOUND_CLICK,0.000000,0.000000,4.588926,0.000000
2024-08-12,2024-08-18,20647427212,Performance Max-2,customers/5626118344/conversionActions/858632371,SR Sales,PURCHASE,18.053611,2405.409826,18.053611,2405.409826
2024-08-19,2024-08-25,20647427212,Performance Max-2,customers/5626118344/conversionActions/6736245036,Add Sample to Cart,OUTBOUND_CLICK,0.000000,0.000000,12.824020,0.000000
2024-08-19,2024-08-25,20647427212,Performance Max-2,customers/5626118344/conversionActions/6736236130,Add to Cart,OUTBOUND_CLICK,0.000000,0.000000,16.798061,0.000000
2024-08-19,2024-08-25,20647427212,Performance Max-2,customers/5626118344/conversionActions/6736506428,Contact Us,OUTBOUND_CLICK,0.000000,0.000000,1.000000,0.000000
2024-08-19,2024-08-25,20647427212,Performance Max-2,customers/5626118344/conversionActions/6736333819,Product Question,OUTBOUND_CLICK,0.000000,0.000000,1.000000,0.000000
2024-08-19,2024-08-25,20647427212,Performance Max-2,customers/5626118344/conversionActions/858632371,SR Sales,PURCHASE,5.814892,155.512725,5.814892,155.512725
2024-08-26,2024-09-01,20647427212,Performance Max-2,customers/5626118344/conversionActions/6736245036,Add Sample to Cart,OUTBOUND_CLICK,0.000000,0.000000,7.000000,0.000000
2024-08-26,2024-09-01,20647427212,Performance Max-2,customers/5626118344/conversionActions/6736236130,Add to Cart,OUTBOUND_CLICK,0.000000,0.000000,10.004910,0.000000
2024-08-26,2024-09-01,20647427212,Performance Max-2,customers/5626118344/conversionActions/6736333819,Product Question,OUTBOUND_CLICK,0.000000,0.000000,2.000000,0.000000
2024-08-26,2024-09-01,20647427212,Performance Max-2,customers/5626118344/conversionActions/858632371,SR Sales,PURCHASE,7.370977,313.736611,7.370977,313.736611
2024-09-02,2024-09-08,20647427212,Performance Max-2,customers/5626118344/conversionActions/6736245036,Add Sample to Cart,OUTBOUND_CLICK,0.000000,0.000000,10.688226,0.000000
2024-09-02,2024-09-08,20647427212,Performance Max-2,customers/5626118344/conversionActions/6736236130,Add to Cart,OUTBOUND_CLICK,0.000000,0.000000,14.307621,0.000000
2024-09-02,2024-09-08,20647427212,Performance Max-2,customers/5626118344/conversionActions/858632371,SR Sales,PURCHASE,8.008420,686.917321,8.008420,686.917321
2024-09-09,2024-09-15,20647427212,Performance Max-2,customers/5626118344/conversionActions/6736245036,Add Sample to Cart,OUTBOUND_CLICK,0.000000,0.000000,11.988957,0.000000
2024-09-09,2024-09-15,20647427212,Performance Max-2,customers/5626118344/conversionActions/6736236130,Add to Cart,OUTBOUND_CLICK,0.000000,0.000000,22.500000,0.000000
2024-09-09,2024-09-15,20647427212,Performance Max-2,customers/5626118344/conversionActions/858632371,SR Sales,PURCHASE,10.279434,1201.244337,10.279434,1201.244337
2024-09-16,2024-09-22,20647427212,Performance Max-2,customers/5626118344/conversionActions/6736245036,Add Sample to Cart,OUTBOUND_CLICK,0.000000,0.000000,12.000000,0.000000
2024-09-16,2024-09-22,20647427212,Performance Max-2,customers/5626118344/conversionActions/6736236130,Add to Cart,OUTBOUND_CLICK,0.000000,0.000000,23.160363,0.000000
2024-09-16,2024-09-22,20647427212,Performance Max-2,customers/5626118344/conversionActions/6736333819,Product Question,OUTBOUND_CLICK,0.000000,0.000000,4.000000,0.000000
2024-09-16,2024-09-22,20647427212,Performance Max-2,customers/5626118344/conversionActions/858632371,SR Sales,PURCHASE,6.266889,2018.998091,6.266889,2018.998091
2024-09-23,2024-09-29,20647427212,Performance Max-2,customers/5626118344/conversionActions/6736245036,Add Sample to Cart,OUTBOUND_CLICK,0.000000,0.000000,11.833332,0.000000
2024-09-23,2024-09-29,20647427212,Performance Max-2,customers/5626118344/conversionActions/6736236130,Add to Cart,OUTBOUND_CLICK,0.000000,0.000000,18.984546,0.000000
2024-09-23,2024-09-29,20647427212,Performance Max-2,customers/5626118344/conversionActions/6736333819,Product Question,OUTBOUND_CLICK,0.000000,0.000000,4.000000,0.000000
2024-09-23,2024-09-29,20647427212,Performance Max-2,customers/5626118344/conversionActions/858632371,SR Sales,PURCHASE,11.883906,4217.134804,11.883906,4217.134804
2024-09-30,2024-10-06,20647427212,Performance Max-2,customers/5626118344/conversionActions/6736245036,Add Sample to Cart,OUTBOUND_CLICK,0.000000,0.000000,11.500000,0.000000
2024-09-30,2024-10-06,20647427212,Performance Max-2,customers/5626118344/conversionActions/6736236130,Add to Cart,OUTBOUND_CLICK,0.000000,0.000000,12.537376,0.000000
2024-09-30,2024-10-06,20647427212,Performance Max-2,customers/5626118344/conversionActions/6736333819,Product Question,OUTBOUND_CLICK,0.000000,0.000000,4.001764,0.000000
2024-09-30,2024-10-06,20647427212,Performance Max-2,customers/5626118344/conversionActions/858632371,SR Sales,PURCHASE,8.007929,599.114827,8.007929,599.114827
2024-10-07,2024-10-13,20647427212,Performance Max-2,customers/5626118344/conversionActions/6736245036,Add Sample to Cart,OUTBOUND_CLICK,0.000000,0.000000,6.509787,0.000000
2024-10-07,2024-10-13,20647427212,Performance Max-2,customers/5626118344/conversionActions/6736236130,Add to Cart,OUTBOUND_CLICK,0.000000,0.000000,12.018728,0.000000
2024-10-07,2024-10-13,20647427212,Performance Max-2,customers/5626118344/conversionActions/6736333819,Product Question,OUTBOUND_CLICK,0.000000,0.000000,2.998923,0.000000
2024-10-07,2024-10-13,20647427212,Performance Max-2,customers/5626118344/conversionActions/858632371,SR Sales,PURCHASE,3.000000,184.110000,3.000000,184.110000
2024-10-14,2024-10-20,20647427212,Performance Max-2,customers/5626118344/conversionActions/6736245036,Add Sample to Cart,OUTBOUND_CLICK,0.000000,0.000000,16.744236,0.000000
2024-10-14,2024-10-20,20647427212,Performance Max-2,customers/5626118344/conversionActions/6736236130,Add to Cart,OUTBOUND_CLICK,0.000000,0.000000,16.852809,0.000000
2024-10-14,2024-10-20,20647427212,Performance Max-2,customers/5626118344/conversionActions/6736506428,Contact Us,OUTBOUND_CLICK,0.000000,0.000000,1.611105,0.000000
2024-10-14,2024-10-20,20647427212,Performance Max-2,customers/5626118344/conversionActions/6736333819,Product Question,OUTBOUND_CLICK,0.000000,0.000000,4.003224,0.000000
2024-10-14,2024-10-20,20647427212,Performance Max-2,customers/5626118344/conversionActions/858632371,SR Sales,PURCHASE,9.124993,3306.866045,9.124993,3306.866045
2024-10-14,2024-10-20,20647427212,Performance Max-2,customers/5626118344/conversionActions/6922318975,[85ed] Google for WooCommerce purchase action,PURCHASE,0.000000,6.071201,0.000000,6.071201
2024-10-21,2024-10-27,20647427212,Performance Max-2,customers/5626118344/conversionActions/6736245036,Add Sample to Cart,OUTBOUND_CLICK,0.000000,0.000000,14.732808,0.000000
2024-10-21,2024-10-27,20647427212,Performance Max-2,customers/5626118344/conversionActions/6736236130,Add to Cart,OUTBOUND_CLICK,0.000000,0.000000,10.679589,0.000000
2024-10-21,2024-10-27,20647427212,Performance Max-2,customers/5626118344/conversionActions/6736506428,Contact Us,OUTBOUND_CLICK,0.000000,0.000000,0.222220,0.000000
2024-10-21,2024-10-27,20647427212,Performance Max-2,customers/5626118344/conversionActions/858632371,SR Sales,PURCHASE,4.222220,61.798545,4.222220,61.798545
2024-10-21,2024-10-27,20647427212,Performance Max-2,customers/5626118344/conversionActions/6922318975,[85ed] Google for WooCommerce purchase action,PURCHASE,1.000000,17.430000,1.000000,17.430000
2024-10-28,2024-11-03,20647427212,Performance Max-2,customers/5626118344/conversionActions/6736245036,Add Sample to Cart,OUTBOUND_CLICK,0.000000,0.000000,14.710538,0.000000
2024-10-28,2024-11-03,20647427212,Performance Max-2,customers/5626118344/conversionActions/6736236130,Add to Cart,OUTBOUND_CLICK,0.000000,0.000000,22.434525,0.000000
2024-10-28,2024-11-03,20647427212,Performance Max-2,customers/5626118344/conversionActions/6736506428,Contact Us,OUTBOUND_CLICK,0.000000,0.000000,0.166675,0.000000
2024-10-28,2024-11-03,20647427212,Performance Max-2,customers/5626118344/conversionActions/6736333819,Product Question,OUTBOUND_CLICK,0.000000,0.000000,3.484212,0.000000
2024-10-28,2024-11-03,20647427212,Performance Max-2,customers/5626118344/conversionActions/858632371,SR Sales,PURCHASE,6.178987,1277.461569,6.178987,1277.461569
2024-10-28,2024-11-03,20647427212,Performance Max-2,customers/5626118344/conversionActions/6922318975,[85ed] Google for WooCommerce purchase action,PURCHASE,4.012312,1189.403612,4.012312,1189.403612
2024-11-04,2024-11-10,20647427212,Performance Max-2,customers/5626118344/conversionActions/6736245036,Add Sample to Cart,OUTBOUND_CLICK,0.000000,0.000000,13.157449,0.000000
2024-11-04,2024-11-10,20647427212,Performance Max-2,customers/5626118344/conversionActions/6736236130,Add to Cart,OUTBOUND_CLICK,0.000000,0.000000,17.989957,0.000000
2024-11-04,2024-11-10,20647427212,Performance Max-2,customers/5626118344/conversionActions/6736333819,Product Question,OUTBOUND_CLICK,0.000000,0.000000,1.000000,0.000000
2024-11-04,2024-11-10,20647427212,Performance Max-2,customers/5626118344/conversionActions/858632371,SR Sales,PURCHASE,5.743456,1343.467285,5.743456,1343.467285
2024-11-04,2024-11-10,20647427212,Performance Max-2,customers/5626118344/conversionActions/6922318975,[85ed] Google for WooCommerce purchase action,PURCHASE,5.743456,1343.467285,5.743456,1343.467285
2024-11-11,2024-11-17,20647427212,Performance Max-2,customers/5626118344/conversionActions/6736245036,Add Sample to Cart,OUTBOUND_CLICK,0.000000,0.000000,20.996391,0.000000
2024-11-11,2024-11-17,20647427212,Performance Max-2,customers/5626118344/conversionActions/6736236130,Add to Cart,OUTBOUND_CLICK,0.000000,0.000000,20.000000,0.000000
2024-11-11,2024-11-17,20647427212,Performance Max-2,customers/5626118344/conversionActions/6736333819,Product Question,OUTBOUND_CLICK,0.000000,0.000000,1.004059,0.000000
2024-11-11,2024-11-17,20647427212,Performance Max-2,customers/5626118344/conversionActions/858632371,SR Sales,PURCHASE,9.000000,1975.090000,9.000000,1975.090000
2024-11-11,2024-11-17,20647427212,Performance Max-2,customers/5626118344/conversionActions/6922318975,[85ed] Google for WooCommerce purchase action,PURCHASE,9.000000,1975.090000,9.000000,1975.090000
2024-11-18,2024-11-24,20647427212,Performance Max-2,customers/5626118344/conversionActions/6736245036,Add Sample to Cart,OUTBOUND_CLICK,0.000000,0.000000,8.000000,0.000000
2024-11-18,2024-11-24,20647427212,Performance Max-2,customers/5626118344/conversionActions/6736236130,Add to Cart,OUTBOUND_CLICK,0.000000,0.000000,16.000000,0.000000
2024-11-18,2024-11-24,20647427212,Performance Max-2,customers/5626118344/conversionActions/6736333819,Product Question,OUTBOUND_CLICK,0.000000,0.000000,0.995028,0.000000
2024-11-18,2024-11-24,20647427212,Performance Max-2,customers/5626118344/conversionActions/858632371,SR Sales,PURCHASE,7.638098,4157.959604,7.638098,4157.959604
2024-11-18,2024-11-24,20647427212,Performance Max-2,customers/5626118344/conversionActions/6922318975,[85ed] Google for WooCommerce purchase action,PURCHASE,7.638098,4157.959604,7.638098,4157.959604
2024-11-25,2024-12-01,20647427212,Performance Max-2,customers/5626118344/conversionActions/6736245036,Add Sample to Cart,OUTBOUND_CLICK,0.000000,0.000000,10.000000,0.000000
2024-11-25,2024-12-01,20647427212,Performance Max-2,customers/5626118344/conversionActions/6736236130,Add to Cart,OUTBOUND_CLICK,0.000000,0.000000,22.480353,0.000000
2024-11-25,2024-12-01,20647427212,Performance Max-2,customers/5626118344/conversionActions/6736333819,Product Question,OUTBOUND_CLICK,0.000000,0.000000,4.000000,0.000000
2024-11-25,2024-12-01,20647427212,Performance Max-2,customers/5626118344/conversionActions/858632371,SR Sales,PURCHASE,4.000000,6297.190000,4.000000,6297.190000
2024-11-25,2024-12-01,20647427212,Performance Max-2,customers/5626118344/conversionActions/6922318975,[85ed] Google for WooCommerce purchase action,PURCHASE,4.000000,6297.190000,4.000000,6297.190000
2024-12-02,2024-12-08,20647427212,Performance Max-2,customers/5626118344/conversionActions/6736245036,Add Sample to Cart,OUTBOUND_CLICK,0.000000,0.000000,13.000000,0.000000
2024-12-02,2024-12-08,20647427212,Performance Max-2,customers/5626118344/conversionActions/6736236130,Add to Cart,OUTBOUND_CLICK,0.000000,0.000000,26.000000,0.000000
2024-12-09,2024-12-15,20647427212,Performance Max-2,customers/5626118344/conversionActions/6736245036,Add Sample to Cart,OUTBOUND_CLICK,0.000000,0.000000,11.512213,0.000000
2024-12-09,2024-12-15,20647427212,Performance Max-2,customers/5626118344/conversionActions/6736236130,Add to Cart,OUTBOUND_CLICK,0.000000,0.000000,17.006789,0.000000
2024-12-09,2024-12-15,20647427212,Performance Max-2,customers/5626118344/conversionActions/6736333819,Product Question,OUTBOUND_CLICK,0.000000,0.000000,1.995941,0.000000
2024-12-09,2024-12-15,20647427212,Performance Max-2,customers/5626118344/conversionActions/858632371,SR Sales,PURCHASE,5.136834,605.603897,5.136834,605.603897
2024-12-09,2024-12-15,20647427212,Performance Max-2,customers/5626118344/conversionActions/6922318975,[85ed] Google for WooCommerce purchase action,PURCHASE,4.869861,603.674213,4.880769,604.328693
2024-12-16,2024-12-22,20647427212,Performance Max-2,customers/5626118344/conversionActions/6736245036,Add Sample to Cart,OUTBOUND_CLICK,0.000000,0.000000,10.818921,0.000000
2024-12-16,2024-12-22,20647427212,Performance Max-2,customers/5626118344/conversionActions/6736236130,Add to Cart,OUTBOUND_CLICK,0.000000,0.000000,21.999366,0.000000
2024-12-16,2024-12-22,20647427212,Performance Max-2,customers/5626118344/conversionActions/6736506428,Contact Us,OUTBOUND_CLICK,0.000000,0.000000,1.000000,0.000000
2024-12-16,2024-12-22,20647427212,Performance Max-2,customers/5626118344/conversionActions/6736333819,Product Question,OUTBOUND_CLICK,0.000000,0.000000,3.333334,0.000000
2024-12-16,2024-12-22,20647427212,Performance Max-2,customers/5626118344/conversionActions/858632371,SR Sales,PURCHASE,9.465151,2719.004808,9.465151,2719.004808
2024-12-16,2024-12-22,20647427212,Performance Max-2,customers/5626118344/conversionActions/6922318975,[85ed] Google for WooCommerce purchase action,PURCHASE,9.318729,2717.946166,9.324717,2718.305446
2024-12-23,2024-12-29,20647427212,Performance Max-2,customers/5626118344/conversionActions/6736245036,Add Sample to Cart,OUTBOUND_CLICK,0.000000,0.000000,27.891777,0.000000
2024-12-23,2024-12-29,20647427212,Performance Max-2,customers/5626118344/conversionActions/6736236130,Add to Cart,OUTBOUND_CLICK,0.000000,0.000000,26.862037,0.000000
2024-12-23,2024-12-29,20647427212,Performance Max-2,customers/5626118344/conversionActions/6736333819,Product Question,OUTBOUND_CLICK,0.000000,0.000000,5.995642,0.000000
2024-12-23,2024-12-29,20647427212,Performance Max-2,customers/5626118344/conversionActions/858632371,SR Sales,PURCHASE,8.256360,294.507837,8.256360,294.507837
2024-12-23,2024-12-29,20647427212,Performance Max-2,customers/5626118344/conversionActions/6922318975,[85ed] Google for WooCommerce purchase action,PURCHASE,7.836853,138.493166,7.836853,138.493166
2024-12-30,2025-01-05,20647427212,Performance Max-2,customers/5626118344/conversionActions/6736245036,Add Sample to Cart,OUTBOUND_CLICK,0.000000,0.000000,22.006918,0.000000
2024-12-30,2025-01-05,20647427212,Performance Max-2,customers/5626118344/conversionActions/6736236130,Add to Cart,OUTBOUND_CLICK,0.000000,0.000000,16.173585,0.000000
2024-12-30,2025-01-05,20647427212,Performance Max-2,customers/5626118344/conversionActions/6736506428,Contact Us,OUTBOUND_CLICK,0.000000,0.000000,1.000000,0.000000
2024-12-30,2025-01-05,20647427212,Performance Max-2,customers/5626118344/conversionActions/858632371,SR Sales,PURCHASE,8.085346,1708.124240,8.085346,1708.124240
2024-12-30,2025-01-05,20647427212,Performance Max-2,customers/5626118344/conversionActions/6922318975,[85ed] Google for WooCommerce purchase action,PURCHASE,7.309405,1352.243226,7.309405,1352.243226
2025-01-06,2025-01-12,20647427212,Performance Max-2,customers/5626118344/conversionActions/6736245036,Add Sample to Cart,OUTBOUND_CLICK,0.000000,0.000000,22.023808,0.000000
2025-01-06,2025-01-12,20647427212,Performance Max-2,customers/5626118344/conversionActions/6736236130,Add to Cart,OUTBOUND_CLICK,0.000000,0.000000,22.190474,0.000000
2025-01-06,2025-01-12,20647427212,Performance Max-2,customers/5626118344/conversionActions/6736333819,Product Question,OUTBOUND_CLICK,0.000000,0.000000,4.166666,0.000000
2025-01-06,2025-01-12,20647427212,Performance Max-2,customers/5626118344/conversionActions/858632371,SR Sales,PURCHASE,10.483557,1739.607946,10.483557,1739.607946
2025-01-06,2025-01-12,20647427212,Performance Max-2,customers/5626118344/conversionActions/6922318975,[85ed] Google for WooCommerce purchase action,PURCHASE,1.500000,110.470000,4.957387,462.323220
2025-01-13,2025-01-19,20647427212,Performance Max-2,customers/5626118344/conversionActions/6736245036,Add Sample to Cart,OUTBOUND_CLICK,0.000000,0.000000,12.760298,0.000000
2025-01-13,2025-01-19,20647427212,Performance Max-2,customers/5626118344/conversionActions/6736236130,Add to Cart,OUTBOUND_CLICK,0.000000,0.000000,15.500000,0.000000
2025-01-13,2025-01-19,20647427212,Performance Max-2,customers/5626118344/conversionActions/6736333819,Product Question,OUTBOUND_CLICK,0.000000,0.000000,4.000000,0.000000
2025-01-13,2025-01-19,20647427212,Performance Max-2,customers/5626118344/conversionActions/858632371,SR Sales,PURCHASE,11.613230,7091.634097,11.613230,7091.634097
2025-01-20,2025-01-26,20647427212,Performance Max-2,customers/5626118344/conversionActions/6736245036,Add Sample to Cart,OUTBOUND_CLICK,0.000000,0.000000,21.987853,0.000000
2025-01-20,2025-01-26,20647427212,Performance Max-2,customers/5626118344/conversionActions/6736236130,Add to Cart,OUTBOUND_CLICK,0.000000,0.000000,23.986477,0.000000
2025-01-20,2025-01-26,20647427212,Performance Max-2,customers/5626118344/conversionActions/6736333819,Product Question,OUTBOUND_CLICK,0.000000,0.000000,3.000696,0.000000
2025-01-20,2025-01-26,20647427212,Performance Max-2,customers/5626118344/conversionActions/858632371,SR Sales,PURCHASE,8.897673,2253.517673,8.897673,2253.517673
2025-01-27,2025-02-02,20647427212,Performance Max-2,customers/5626118344/conversionActions/6736245036,Add Sample to Cart,OUTBOUND_CLICK,0.000000,0.000000,25.392053,0.000000
2025-01-27,2025-02-02,20647427212,Performance Max-2,customers/5626118344/conversionActions/6736236130,Add to Cart,OUTBOUND_CLICK,0.000000,0.000000,18.002860,0.000000
2025-01-27,2025-02-02,20647427212,Performance Max-2,customers/5626118344/conversionActions/6736333819,Product Question,OUTBOUND_CLICK,0.000000,0.000000,1.000696,0.000000
2025-01-27,2025-02-02,20647427212,Performance Max-2,customers/5626118344/conversionActions/858632371,SR Sales,PURCHASE,5.886630,365.132812,5.886630,365.132812
2025-02-03,2025-02-09,20647427212,Performance Max-2,customers/5626118344/conversionActions/6736245036,Add Sample to Cart,OUTBOUND_CLICK,0.000000,0.000000,30.033391,0.000000
2025-02-03,2025-02-09,20647427212,Performance Max-2,customers/5626118344/conversionActions/6736236130,Add to Cart,OUTBOUND_CLICK,0.000000,0.000000,22.330562,0.000000
2025-02-03,2025-02-09,20647427212,Performance Max-2,customers/5626118344/conversionActions/6736333819,Product Question,OUTBOUND_CLICK,0.000000,0.000000,5.142244,0.000000
2025-02-03,2025-02-09,20647427212,Performance Max-2,customers/5626118344/conversionActions/858632371,SR Sales,PURCHASE,8.504761,333.760340,8.504761,333.760340
2025-02-10,2025-02-16,20647427212,Performance Max-2,customers/5626118344/conversionActions/6736245036,Add Sample to Cart,OUTBOUND_CLICK,0.000000,0.000000,19.427540,0.000000
2025-02-10,2025-02-16,20647427212,Performance Max-2,customers/5626118344/conversionActions/6736236130,Add to Cart,OUTBOUND_CLICK,0.000000,0.000000,23.000071,0.000000
2025-02-10,2025-02-16,20647427212,Performance Max-2,customers/5626118344/conversionActions/6736333819,Product Question,OUTBOUND_CLICK,0.000000,0.000000,2.000000,0.000000
2025-02-10,2025-02-16,20647427212,Performance Max-2,customers/5626118344/conversionActions/858632371,SR Sales,PURCHASE,8.627729,578.608514,8.627729,578.608514
2025-02-17,2025-02-23,20647427212,Performance Max-2,customers/5626118344/conversionActions/6736245036,Add Sample to Cart,OUTBOUND_CLICK,0.000000,0.000000,10.237349,0.000000
2025-02-17,2025-02-23,20647427212,Performance Max-2,customers/5626118344/conversionActions/6736236130,Add to Cart,OUTBOUND_CLICK,0.000000,0.000000,18.646445,0.000000
2025-02-17,2025-02-23,20647427212,Performance Max-2,customers/5626118344/conversionActions/6736333819,Product Question,OUTBOUND_CLICK,0.000000,0.000000,2.333333,0.000000
2025-02-17,2025-02-23,20647427212,Performance Max-2,customers/5626118344/conversionActions/858632371,SR Sales,PURCHASE,3.035811,366.978981,3.035811,366.978981
2025-02-24,2025-03-02,20647427212,Performance Max-2,customers/5626118344/conversionActions/6736245036,Add Sample to Cart,OUTBOUND_CLICK,0.000000,0.000000,12.869792,0.000000
2025-02-24,2025-03-02,20647427212,Performance Max-2,customers/5626118344/conversionActions/6736236130,Add to Cart,OUTBOUND_CLICK,0.000000,0.000000,19.039378,0.000000
2025-02-24,2025-03-02,20647427212,Performance Max-2,customers/5626118344/conversionActions/6736333819,Product Question,OUTBOUND_CLICK,0.000000,0.000000,4.424241,0.000000
2025-02-24,2025-03-02,20647427212,Performance Max-2,customers/5626118344/conversionActions/858632371,SR Sales,PURCHASE,8.286631,4145.233184,8.286631,4145.233184
2025-03-03,2025-03-09,20647427212,Performance Max-2,customers/5626118344/conversionActions/6736245036,Add Sample to Cart,OUTBOUND_CLICK,0.000000,0.000000,19.800000,0.000000
2025-03-03,2025-03-09,20647427212,Performance Max-2,customers/5626118344/conversionActions/6736236130,Add to Cart,OUTBOUND_CLICK,0.000000,0.000000,39.216666,0.000000
2025-03-03,2025-03-09,20647427212,Performance Max-2,customers/5626118344/conversionActions/6736333819,Product Question,OUTBOUND_CLICK,0.000000,0.000000,1.000000,0.000000
2025-03-03,2025-03-09,20647427212,Performance Max-2,customers/5626118344/conversionActions/858632371,SR Sales,PURCHASE,10.685521,973.906054,10.685521,973.906054
2025-03-10,2025-03-16,20647427212,Performance Max-2,customers/5626118344/conversionActions/6736245036,Add Sample to Cart,OUTBOUND_CLICK,0.000000,0.000000,22.877447,0.000000
2025-03-10,2025-03-16,20647427212,Performance Max-2,customers/5626118344/conversionActions/6736236130,Add to Cart,OUTBOUND_CLICK,0.000000,0.000000,24.297805,0.000000
2025-03-10,2025-03-16,20647427212,Performance Max-2,customers/5626118344/conversionActions/6736333819,Product Question,OUTBOUND_CLICK,0.000000,0.000000,3.000000,0.000000
2025-03-10,2025-03-16,20647427212,Performance Max-2,customers/5626118344/conversionActions/858632371,SR Sales,PURCHASE,14.238963,1339.333276,14.238963,1339.333276
2025-03-17,2025-03-23,20647427212,Performance Max-2,customers/5626118344/conversionActions/6736245036,Add Sample to Cart,OUTBOUND_CLICK,0.000000,0.000000,32.020304,0.000000
2025-03-17,2025-03-23,20647427212,Performance Max-2,customers/5626118344/conversionActions/6736236130,Add to Cart,OUTBOUND_CLICK,0.000000,0.000000,23.535966,0.000000
2025-03-17,2025-03-23,20647427212,Performance Max-2,customers/5626118344/conversionActions/6736333819,Product Question,OUTBOUND_CLICK,0.000000,0.000000,5.000000,0.000000
2025-03-17,2025-03-23,20647427212,Performance Max-2,customers/5626118344/conversionActions/858632371,SR Sales,PURCHASE,7.743759,69.381043,7.743759,69.381043
2025-03-24,2025-03-30,20647427212,Performance Max-2,customers/5626118344/conversionActions/6736245036,Add Sample to Cart,OUTBOUND_CLICK,0.000000,0.000000,29.499998,0.000000
2025-03-24,2025-03-30,20647427212,Performance Max-2,customers/5626118344/conversionActions/6736236130,Add to Cart,OUTBOUND_CLICK,0.000000,0.000000,33.961905,0.000000
2025-03-24,2025-03-30,20647427212,Performance Max-2,customers/5626118344/conversionActions/6736333819,Product Question,OUTBOUND_CLICK,0.000000,0.000000,6.428571,0.000000
2025-03-24,2025-03-30,20647427212,Performance Max-2,customers/5626118344/conversionActions/858632371,SR Sales,PURCHASE,16.135797,2947.744662,16.135797,2947.744662
2025-03-31,2025-04-06,20647427212,Performance Max-2,customers/5626118344/conversionActions/6736245036,Add Sample to Cart,OUTBOUND_CLICK,0.000000,0.000000,24.931622,0.000000
2025-03-31,2025-04-06,20647427212,Performance Max-2,customers/5626118344/conversionActions/6736236130,Add to Cart,OUTBOUND_CLICK,0.000000,0.000000,18.637274,0.000000
2025-03-31,2025-04-06,20647427212,Performance Max-2,customers/5626118344/conversionActions/6736333819,Product Question,OUTBOUND_CLICK,0.000000,0.000000,4.000000,0.000000
2025-03-31,2025-04-06,20647427212,Performance Max-2,customers/5626118344/conversionActions/858632371,SR Sales,PURCHASE,11.903020,2413.766668,11.903020,2413.766668
2025-04-07,2025-04-13,20647427212,Performance Max-2,customers/5626118344/conversionActions/6736245036,Add Sample to Cart,OUTBOUND_CLICK,0.000000,0.000000,20.531547,0.000000
2025-04-07,2025-04-13,20647427212,Performance Max-2,customers/5626118344/conversionActions/6736236130,Add to Cart,OUTBOUND_CLICK,0.000000,0.000000,41.311111,0.000000
2025-04-07,2025-04-13,20647427212,Performance Max-2,customers/5626118344/conversionActions/6736333819,Product Question,OUTBOUND_CLICK,0.000000,0.000000,4.000000,0.000000
2025-04-07,2025-04-13,20647427212,Performance Max-2,customers/5626118344/conversionActions/858632371,SR Sales,PURCHASE,12.196778,4847.686623,12.196778,4847.686623
2025-04-14,2025-04-20,20647427212,Performance Max-2,customers/5626118344/conversionActions/6736245036,Add Sample to Cart,OUTBOUND_CLICK,0.000000,0.000000,19.192909,0.000000
2025-04-14,2025-04-20,20647427212,Performance Max-2,customers/5626118344/conversionActions/6736236130,Add to Cart,OUTBOUND_CLICK,0.000000,0.000000,14.492909,0.000000
2025-04-14,2025-04-20,20647427212,Performance Max-2,customers/5626118344/conversionActions/858632371,SR Sales,PURCHASE,6.664942,1207.911697,6.664942,1207.911697
2025-04-21,2025-04-27,20647427212,Performance Max-2,customers/5626118344/conversionActions/6736245036,Add Sample to Cart,OUTBOUND_CLICK,0.000000,0.000000,24.369578,0.000000
2025-04-21,2025-04-27,20647427212,Performance Max-2,customers/5626118344/conversionActions/6736236130,Add to Cart,OUTBOUND_CLICK,0.000000,0.000000,25.845949,0.000000
2025-04-21,2025-04-27,20647427212,Performance Max-2,customers/5626118344/conversionActions/6736333819,Product Question,OUTBOUND_CLICK,0.000000,0.000000,4.600000,0.000000
2025-04-21,2025-04-27,20647427212,Performance Max-2,customers/5626118344/conversionActions/858632371,SR Sales,PURCHASE,10.890512,3995.200730,10.890512,3995.200730
2025-04-28,2025-05-04,20647427212,Performance Max-2,customers/5626118344/conversionActions/6736245036,Add Sample to Cart,OUTBOUND_CLICK,0.000000,0.000000,28.700549,0.000000
2025-04-28,2025-05-04,20647427212,Performance Max-2,customers/5626118344/conversionActions/6736236130,Add to Cart,OUTBOUND_CLICK,0.000000,0.000000,32.511789,0.000000
2025-04-28,2025-05-04,20647427212,Performance Max-2,customers/5626118344/conversionActions/6736333819,Product Question,OUTBOUND_CLICK,0.000000,0.000000,7.000000,0.000000
2025-04-28,2025-05-04,20647427212,Performance Max-2,customers/5626118344/conversionActions/858632371,SR Sales,PURCHASE,10.853826,3874.482084,10.853826,3874.482084
2025-05-05,2025-05-11,20647427212,Performance Max-2,customers/5626118344/conversionActions/6736245036,Add Sample to Cart,OUTBOUND_CLICK,0.000000,0.000000,23.428365,0.000000
2025-05-05,2025-05-11,20647427212,Performance Max-2,customers/5626118344/conversionActions/6736236130,Add to Cart,OUTBOUND_CLICK,0.000000,0.000000,22.832385,0.000000
2025-05-05,2025-05-11,20647427212,Performance Max-2,customers/5626118344/conversionActions/6736333819,Product Question,OUTBOUND_CLICK,0.000000,0.000000,4.000000,0.000000
2025-05-05,2025-05-11,20647427212,Performance Max-2,customers/5626118344/conversionActions/858632371,SR Sales,PURCHASE,10.262694,533.606651,10.262694,533.606651
2025-05-12,2025-05-18,20647427212,Performance Max-2,customers/5626118344/conversionActions/6736245036,Add Sample to Cart,OUTBOUND_CLICK,0.000000,0.000000,28.743046,0.000000
2025-05-12,2025-05-18,20647427212,Performance Max-2,customers/5626118344/conversionActions/6736236130,Add to Cart,OUTBOUND_CLICK,0.000000,0.000000,30.384733,0.000000
2025-05-12,2025-05-18,20647427212,Performance Max-2,customers/5626118344/conversionActions/6736333819,Product Question,OUTBOUND_CLICK,0.000000,0.000000,1.129555,0.000000
2025-05-12,2025-05-18,20647427212,Performance Max-2,customers/5626118344/conversionActions/858632371,SR Sales,PURCHASE,12.000000,999.340000,12.000000,999.340000
2025-05-19,2025-05-25,20647427212,Performance Max-2,customers/5626118344/conversionActions/6736245036,Add Sample to Cart,OUTBOUND_CLICK,0.000000,0.000000,24.239234,0.000000
2025-05-19,2025-05-25,20647427212,Performance Max-2,customers/5626118344/conversionActions/6736236130,Add to Cart,OUTBOUND_CLICK,0.000000,0.000000,19.982410,0.000000
2025-05-19,2025-05-25,20647427212,Performance Max-2,customers/5626118344/conversionActions/6736333819,Product Question,OUTBOUND_CLICK,0.000000,0.000000,3.500000,0.000000
2025-05-19,2025-05-25,20647427212,Performance Max-2,customers/5626118344/conversionActions/858632371,SR Sales,PURCHASE,2.000000,18.430000,2.000000,18.430000
2025-05-26,2025-06-01,20647427212,Performance Max-2,customers/5626118344/conversionActions/6736245036,Add Sample to Cart,OUTBOUND_CLICK,0.000000,0.000000,19.374372,0.000000
2025-05-26,2025-06-01,20647427212,Performance Max-2,customers/5626118344/conversionActions/6736236130,Add to Cart,OUTBOUND_CLICK,0.000000,0.000000,16.583333,0.000000
2025-05-26,2025-06-01,20647427212,Performance Max-2,customers/5626118344/conversionActions/6736333819,Product Question,OUTBOUND_CLICK,0.000000,0.000000,5.000000,0.000000
2025-05-26,2025-06-01,20647427212,Performance Max-2,customers/5626118344/conversionActions/858632371,SR Sales,PURCHASE,9.956410,1711.092098,9.956410,1711.092098
2025-06-02,2025-06-08,20647427212,Performance Max-2,customers/5626118344/conversionActions/6736245036,Add Sample to Cart,OUTBOUND_CLICK,0.000000,0.000000,30.084857,0.000000
2025-06-02,2025-06-08,20647427212,Performance Max-2,customers/5626118344/conversionActions/6736236130,Add to Cart,OUTBOUND_CLICK,0.000000,0.000000,18.002983,0.000000
2025-06-02,2025-06-08,20647427212,Performance Max-2,customers/5626118344/conversionActions/6736333819,Product Question,OUTBOUND_CLICK,0.000000,0.000000,3.002983,0.000000
2025-06-02,2025-06-08,20647427212,Performance Max-2,customers/5626118344/conversionActions/858632371,SR Sales,PURCHASE,14.486708,6836.391890,14.486708,6836.391890
2025-06-09,2025-06-15,20647427212,Performance Max-2,customers/5626118344/conversionActions/6736245036,Add Sample to Cart,OUTBOUND_CLICK,0.000000,0.000000,21.996573,0.000000
2025-06-09,2025-06-15,20647427212,Performance Max-2,customers/5626118344/conversionActions/6736236130,Add to Cart,OUTBOUND_CLICK,0.000000,0.000000,15.863867,0.000000
2025-06-09,2025-06-15,20647427212,Performance Max-2,customers/5626118344/conversionActions/6736333819,Product Question,OUTBOUND_CLICK,0.000000,0.000000,4.904964,0.000000
2025-06-09,2025-06-15,20647427212,Performance Max-2,customers/5626118344/conversionActions/858632371,SR Sales,PURCHASE,11.746950,9345.208829,11.746950,9345.208829
2025-06-16,2025-06-22,20647427212,Performance Max-2,customers/5626118344/conversionActions/6736245036,Add Sample to Cart,OUTBOUND_CLICK,0.000000,0.000000,17.690768,0.000000
2025-06-16,2025-06-22,20647427212,Performance Max-2,customers/5626118344/conversionActions/6736236130,Add to Cart,OUTBOUND_CLICK,0.000000,0.000000,19.991513,0.000000
2025-06-16,2025-06-22,20647427212,Performance Max-2,customers/5626118344/conversionActions/6736333819,Product Question,OUTBOUND_CLICK,0.000000,0.000000,2.047276,0.000000
2025-06-16,2025-06-22,20647427212,Performance Max-2,customers/5626118344/conversionActions/858632371,SR Sales,PURCHASE,13.329225,14373.612835,13.329225,14373.612835
2025-06-23,2025-06-29,20647427212,Performance Max-2,customers/5626118344/conversionActions/6736245036,Add Sample to Cart,OUTBOUND_CLICK,0.000000,0.000000,31.464333,0.000000
2025-06-23,2025-06-29,20647427212,Performance Max-2,customers/5626118344/conversionActions/6736236130,Add to Cart,OUTBOUND_CLICK,0.000000,0.000000,26.879237,0.000000
2025-06-23,2025-06-29,20647427212,Performance Max-2,customers/5626118344/conversionActions/6736333819,Product Question,OUTBOUND_CLICK,0.000000,0.000000,1.377791,0.000000
2025-06-23,2025-06-29,20647427212,Performance Max-2,customers/5626118344/conversionActions/858632371,SR Sales,PURCHASE,24.066378,3039.600654,24.066378,3039.600654
2025-06-30,2025-07-06,20647427212,Performance Max-2,customers/5626118344/conversionActions/6736245036,Add Sample to Cart,OUTBOUND_CLICK,0.000000,0.000000,25.630843,0.000000
2025-06-30,2025-07-06,20647427212,Performance Max-2,customers/5626118344/conversionActions/6736236130,Add to Cart,OUTBOUND_CLICK,0.000000,0.000000,28.274570,0.000000
2025-06-30,2025-07-06,20647427212,Performance Max-2,customers/5626118344/conversionActions/6736333819,Product Question,OUTBOUND_CLICK,0.000000,0.000000,4.520777,0.000000
2025-06-30,2025-07-06,20647427212,Performance Max-2,customers/5626118344/conversionActions/858632371,SR Sales,PURCHASE,12.445572,968.214154,12.445572,968.214154
2025-07-07,2025-07-13,20647427212,Performance Max-2,customers/5626118344/conversionActions/6736245036,Add Sample to Cart,OUTBOUND_CLICK,0.000000,0.000000,33.535770,0.000000
2025-07-07,2025-07-13,20647427212,Performance Max-2,customers/5626118344/conversionActions/6736236130,Add to Cart,OUTBOUND_CLICK,0.000000,0.000000,21.719796,0.000000
2025-07-07,2025-07-13,20647427212,Performance Max-2,customers/5626118344/conversionActions/6736333819,Product Question,OUTBOUND_CLICK,0.000000,0.000000,1.785552,0.000000
2025-07-07,2025-07-13,20647427212,Performance Max-2,customers/5626118344/conversionActions/858632371,SR Sales,PURCHASE,16.378044,2938.938780,16.378044,2938.938780
2025-07-14,2025-07-20,20647427212,Performance Max-2,customers/5626118344/conversionActions/6736245036,Add Sample to Cart,OUTBOUND_CLICK,0.000000,0.000000,34.275158,0.000000
2025-07-14,2025-07-20,20647427212,Performance Max-2,customers/5626118344/conversionActions/6736236130,Add to Cart,OUTBOUND_CLICK,0.000000,0.000000,27.898969,0.000000
2025-07-14,2025-07-20,20647427212,Performance Max-2,customers/5626118344/conversionActions/6736333819,Product Question,OUTBOUND_CLICK,0.000000,0.000000,2.324590,0.000000
2025-07-14,2025-07-20,20647427212,Performance Max-2,customers/5626118344/conversionActions/858632371,SR Sales,PURCHASE,13.960461,1993.843496,13.960461,1993.843496
2025-07-21,2025-07-27,20647427212,Performance Max-2,customers/5626118344/conversionActions/6736245036,Add Sample to Cart,OUTBOUND_CLICK,0.000000,0.000000,12.927143,0.000000
2025-07-21,2025-07-27,20647427212,Performance Max-2,customers/5626118344/conversionActions/6736236130,Add to Cart,OUTBOUND_CLICK,0.000000,0.000000,17.171157,0.000000
2025-07-21,2025-07-27,20647427212,Performance Max-2,customers/5626118344/conversionActions/6736333819,Product Question,OUTBOUND_CLICK,0.000000,0.000000,2.895666,0.000000
2025-07-21,2025-07-27,20647427212,Performance Max-2,customers/5626118344/conversionActions/858632371,SR Sales,PURCHASE,10.507531,1669.250476,10.507531,1669.250476
2025-07-28,2025-08-03,20647427212,Performance Max-2,customers/5626118344/conversionActions/858632371,SR Sales,PURCHASE,10.236392,3079.549953,10.236392,3079.549953
2025-08-04,2025-08-10,20647427212,Performance Max-2,customers/5626118344/conversionActions/858632371,SR Sales,PURCHASE,9.253443,1770.945650,9.253443,1770.945650
2025-08-11,2025-08-17,20647427212,Performance Max-2,customers/5626118344/conversionActions/858632371,SR Sales,PURCHASE,18.919959,3866.564719,18.919959,3866.564719
2025-08-18,2025-08-24,20647427212,Performance Max-2,customers/5626118344/conversionActions/858632371,SR Sales,PURCHASE,9.923284,1807.718228,9.923284,1807.718228
2025-08-25,2025-08-31,20647427212,Performance Max-2,customers/5626118344/conversionActions/858632371,SR Sales,PURCHASE,10.982841,7090.521037,10.982841,7090.521037
2025-09-01,2025-09-07,20647427212,Performance Max-2,customers/5626118344/conversionActions/858632371,SR Sales,PURCHASE,16.741782,375.867864,16.741782,375.867864
2025-09-08,2025-09-14,20647427212,Performance Max-2,customers/5626118344/conversionActions/858632371,SR Sales,PURCHASE,10.568302,965.515154,10.568302,965.515154
2025-09-15,2025-09-21,20647427212,Performance Max-2,customers/5626118344/conversionActions/858632371,SR Sales,PURCHASE,26.244311,12076.591785,26.244311,12076.591785
2025-09-22,2025-09-28,20647427212,Performance Max-2,customers/5626118344/conversionActions/858632371,SR Sales,PURCHASE,9.457876,1053.005084,9.457876,1053.005084
2025-09-29,2025-10-05,20647427212,Performance Max-2,customers/5626118344/conversionActions/7362981599,Google Shopping App Add To Cart,ADD_TO_CART,0.000000,0.000000,0.500000,387.980000
2025-09-29,2025-10-05,20647427212,Performance Max-2,customers/5626118344/conversionActions/7362981722,Google Shopping App Page View,PAGE_VIEW,0.000000,0.000000,7.676469,7.676469
2025-09-29,2025-10-05,20647427212,Performance Max-2,customers/5626118344/conversionActions/7362981728,Google Shopping App Search,PAGE_VIEW,0.000000,0.000000,0.058823,0.058823
2025-09-29,2025-10-05,20647427212,Performance Max-2,customers/5626118344/conversionActions/7362981725,Google Shopping App View Item,PAGE_VIEW,0.000000,0.000000,5.058823,5.058823
2025-09-29,2025-10-05,20647427212,Performance Max-2,customers/5626118344/conversionActions/858632371,SR Sales,PURCHASE,12.607910,2128.322079,12.607910,2128.322079
2025-10-06,2025-10-12,20647427212,Performance Max-2,customers/5626118344/conversionActions/7362981599,Google Shopping App Add To Cart,ADD_TO_CART,0.000000,0.000000,3.000000,184.970000
2025-10-06,2025-10-12,20647427212,Performance Max-2,customers/5626118344/conversionActions/7362981722,Google Shopping App Page View,PAGE_VIEW,0.000000,0.000000,199.454994,195.217256
2025-10-06,2025-10-12,20647427212,Performance Max-2,customers/5626118344/conversionActions/7362981728,Google Shopping App Search,PAGE_VIEW,0.000000,0.000000,59.558823,59.558823
2025-10-06,2025-10-12,20647427212,Performance Max-2,customers/5626118344/conversionActions/7362981725,Google Shopping App View Item,PAGE_VIEW,0.000000,0.000000,86.649593,86.594255
2025-10-06,2025-10-12,20647427212,Performance Max-2,customers/5626118344/conversionActions/858632371,SR Sales,PURCHASE,10.785482,604.737067,10.785482,604.737067
2025-10-13,2025-10-19,20647427212,Performance Max-2,customers/5626118344/conversionActions/7362981731,Google Shopping App Add Payment Info,DEFAULT,0.000000,0.000000,0.333333,0.333333
2025-10-13,2025-10-19,20647427212,Performance Max-2,customers/5626118344/conversionActions/7362981599,Google Shopping App Add To Cart,ADD_TO_CART,0.000000,0.000000,4.916664,809.903325
2025-10-13,2025-10-19,20647427212,Performance Max-2,customers/5626118344/conversionActions/7362981596,Google Shopping App Begin Checkout,BEGIN_CHECKOUT,0.000000,0.000000,1.333333,1218.869991
2025-10-13,2025-10-19,20647427212,Performance Max-2,customers/5626118344/conversionActions/7362981722,Google Shopping App Page View,PAGE_VIEW,0.000000,0.000000,177.170904,146.029727
2025-10-13,2025-10-19,20647427212,Performance Max-2,customers/5626118344/conversionActions/7362981593,Google Shopping App Purchase,PURCHASE,0.333333,8.969991,1.333333,11.959991
2025-10-13,2025-10-19,20647427212,Performance Max-2,customers/5626118344/conversionActions/7362981728,Google Shopping App Search,PAGE_VIEW,0.000000,0.000000,31.153035,31.153035
2025-10-13,2025-10-19,20647427212,Performance Max-2,customers/5626118344/conversionActions/7362981725,Google Shopping App View Item,PAGE_VIEW,0.000000,0.000000,78.689250,68.273694
2025-10-13,2025-10-19,20647427212,Performance Max-2,customers/5626118344/conversionActions/858632371,SR Sales,PURCHASE,19.597689,3945.710714,19.597689,3945.710714
2025-10-20,2025-10-26,20647427212,Performance Max-2,customers/5626118344/conversionActions/7362981599,Google Shopping App Add To Cart,ADD_TO_CART,0.000000,0.000000,59.842390,11246.412836
2025-10-20,2025-10-26,20647427212,Performance Max-2,customers/5626118344/conversionActions/7362981596,Google Shopping App Begin Checkout,BEGIN_CHECKOUT,0.000000,0.000000,0.750000,4.485000
2025-10-20,2025-10-26,20647427212,Performance Max-2,customers/5626118344/conversionActions/7362981722,Google Shopping App Page View,PAGE_VIEW,0.000000,0.000000,653.986322,606.969124
2025-10-20,2025-10-26,20647427212,Performance Max-2,customers/5626118344/conversionActions/7362981593,Google Shopping App Purchase,PURCHASE,1.042879,232.766906,1.042879,232.766906
2025-10-20,2025-10-26,20647427212,Performance Max-2,customers/5626118344/conversionActions/7362981728,Google Shopping App Search,PAGE_VIEW,0.000000,0.000000,147.483200,147.140094
2025-10-20,2025-10-26,20647427212,Performance Max-2,customers/5626118344/conversionActions/7362981725,Google Shopping App View Item,PAGE_VIEW,0.000000,0.000000,275.475015,252.597871
2025-10-20,2025-10-26,20647427212,Performance Max-2,customers/5626118344/conversionActions/858632371,SR Sales,PURCHASE,6.402311,505.809286,6.402311,505.809286
2025-10-27,2025-11-02,20647427212,Performance Max-2,customers/5626118344/conversionActions/7362981731,Google Shopping App Add Payment Info,DEFAULT,0.000000,0.000000,5.244889,5.244889
2025-10-27,2025-11-02,20647427212,Performance Max-2,customers/5626118344/conversionActions/7362981599,Google Shopping App Add To Cart,ADD_TO_CART,0.000000,0.000000,52.520412,21282.647770
2025-10-27,2025-11-02,20647427212,Performance Max-2,customers/5626118344/conversionActions/7362981596,Google Shopping App Begin Checkout,BEGIN_CHECKOUT,0.000000,0.000000,9.648580,5772.860862
2025-10-27,2025-11-02,20647427212,Performance Max-2,customers/5626118344/conversionActions/7362981722,Google Shopping App Page View,PAGE_VIEW,0.000000,0.000000,3525.920355,3174.611035
2025-10-27,2025-11-02,20647427212,Performance Max-2,customers/5626118344/conversionActions/7362981593,Google Shopping App Purchase,PURCHASE,5.351499,942.318232,11.351499,2072.178232
2025-10-27,2025-11-02,20647427212,Performance Max-2,customers/5626118344/conversionActions/7362981728,Google Shopping App Search,PAGE_VIEW,0.000000,0.000000,198.009813,179.919589
2025-10-27,2025-11-02,20647427212,Performance Max-2,customers/5626118344/conversionActions/7362981725,Google Shopping App View Item,PAGE_VIEW,0.000000,0.000000,1399.599155,1299.571347
2025-11-03,2025-11-09,20647427212,Performance Max-2,customers/5626118344/conversionActions/7362981731,Google Shopping App Add Payment Info,DEFAULT,0.000000,0.000000,4.707490,4.707490
2025-11-03,2025-11-09,20647427212,Performance Max-2,customers/5626118344/conversionActions/7362981599,Google Shopping App Add To Cart,ADD_TO_CART,0.000000,0.000000,81.954423,37827.651513
2025-11-03,2025-11-09,20647427212,Performance Max-2,customers/5626118344/conversionActions/7362981596,Google Shopping App Begin Checkout,BEGIN_CHECKOUT,0.000000,0.000000,41.125227,17531.816552
2025-11-03,2025-11-09,20647427212,Performance Max-2,customers/5626118344/conversionActions/7362981722,Google Shopping App Page View,PAGE_VIEW,0.000000,0.000000,4956.013984,4450.056537
2025-11-03,2025-11-09,20647427212,Performance Max-2,customers/5626118344/conversionActions/7362981593,Google Shopping App Purchase,PURCHASE,11.992772,1366.763719,11.992772,1366.763719
2025-11-03,2025-11-09,20647427212,Performance Max-2,customers/5626118344/conversionActions/7362981728,Google Shopping App Search,PAGE_VIEW,0.000000,0.000000,422.407887,399.450720
2025-11-03,2025-11-09,20647427212,Performance Max-2,customers/5626118344/conversionActions/7362981725,Google Shopping App View Item,PAGE_VIEW,0.000000,0.000000,2284.029665,2018.738243
2025-11-10,2025-11-16,20647427212,Performance Max-2,customers/5626118344/conversionActions/7362981731,Google Shopping App Add Payment Info,DEFAULT,0.000000,0.000000,3.571428,3.571428
2025-11-10,2025-11-16,20647427212,Performance Max-2,customers/5626118344/conversionActions/7362981599,Google Shopping App Add To Cart,ADD_TO_CART,0.000000,0.000000,198.331700,43424.010972
2025-11-10,2025-11-16,20647427212,Performance Max-2,customers/5626118344/conversionActions/7362981596,Google Shopping App Begin Checkout,BEGIN_CHECKOUT,0.000000,0.000000,9.714285,2745.565601
2025-11-10,2025-11-16,20647427212,Performance Max-2,customers/5626118344/conversionActions/7362981722,Google Shopping App Page View,PAGE_VIEW,0.000000,0.000000,4205.298458,3885.724213
2025-11-10,2025-11-16,20647427212,Performance Max-2,customers/5626118344/conversionActions/7362981593,Google Shopping App Purchase,PURCHASE,11.985488,2705.042464,11.985488,2705.042464
2025-11-10,2025-11-16,20647427212,Performance Max-2,customers/5626118344/conversionActions/7362981728,Google Shopping App Search,PAGE_VIEW,0.000000,0.000000,370.365024,360.817429
2025-11-10,2025-11-16,20647427212,Performance Max-2,customers/5626118344/conversionActions/7362981725,Google Shopping App View Item,PAGE_VIEW,0.000000,0.000000,2483.393460,2320.844875
2025-11-17,2025-11-23,20647427212,Performance Max-2,customers/5626118344/conversionActions/7362981731,Google Shopping App Add Payment Info,DEFAULT,0.000000,0.000000,10.571432,10.571432
2025-11-17,2025-11-23,20647427212,Performance Max-2,customers/5626118344/conversionActions/7362981599,Google Shopping App Add To Cart,ADD_TO_CART,0.000000,0.000000,177.546563,101068.705737
2025-11-17,2025-11-23,20647427212,Performance Max-2,customers/5626118344/conversionActions/7362981596,Google Shopping App Begin Checkout,BEGIN_CHECKOUT,0.000000,0.000000,7.714290,1399.916393
2025-11-17,2025-11-23,20647427212,Performance Max-2,customers/5626118344/conversionActions/7362981722,Google Shopping App Page View,PAGE_VIEW,0.000000,0.000000,4186.041452,3792.755992
2025-11-17,2025-11-23,20647427212,Performance Max-2,customers/5626118344/conversionActions/7362981593,Google Shopping App Purchase,PURCHASE,24.714012,6547.163807,24.714012,6547.163807
2025-11-17,2025-11-23,20647427212,Performance Max-2,customers/5626118344/conversionActions/7362981728,Google Shopping App Search,PAGE_VIEW,0.000000,0.000000,145.535760,144.241405
2025-11-17,2025-11-23,20647427212,Performance Max-2,customers/5626118344/conversionActions/7362981725,Google Shopping App View Item,PAGE_VIEW,0.000000,0.000000,2482.078605,2288.824534
2025-11-24,2025-11-30,20647427212,Performance Max-2,customers/5626118344/conversionActions/7362981731,Google Shopping App Add Payment Info,DEFAULT,0.000000,0.000000,7.800000,7.800000
2025-11-24,2025-11-30,20647427212,Performance Max-2,customers/5626118344/conversionActions/7362981599,Google Shopping App Add To Cart,ADD_TO_CART,0.000000,0.000000,158.065215,49330.450451
2025-11-24,2025-11-30,20647427212,Performance Max-2,customers/5626118344/conversionActions/7362981596,Google Shopping App Begin Checkout,BEGIN_CHECKOUT,0.000000,0.000000,8.144924,3571.230789
2025-11-24,2025-11-30,20647427212,Performance Max-2,customers/5626118344/conversionActions/7362981722,Google Shopping App Page View,PAGE_VIEW,0.000000,0.000000,3675.285150,3448.106663
2025-11-24,2025-11-30,20647427212,Performance Max-2,customers/5626118344/conversionActions/7362981593,Google Shopping App Purchase,PURCHASE,11.699751,2410.781764,11.699751,2410.781764
2025-11-24,2025-11-30,20647427212,Performance Max-2,customers/5626118344/conversionActions/7362981728,Google Shopping App Search,PAGE_VIEW,0.000000,0.000000,194.042163,191.033942
2025-11-24,2025-11-30,20647427212,Performance Max-2,customers/5626118344/conversionActions/7362981725,Google Shopping App View Item,PAGE_VIEW,0.000000,0.000000,2394.388321,2195.422394
2025-12-01,2025-12-07,20647427212,Performance Max-2,customers/5626118344/conversionActions/7362981731,Google Shopping App Add Payment Info,DEFAULT,0.000000,0.000000,4.001339,4.001339
2025-12-01,2025-12-07,20647427212,Performance Max-2,customers/5626118344/conversionActions/7362981599,Google Shopping App Add To Cart,ADD_TO_CART,0.000000,0.000000,129.288269,34250.113310
2025-12-01,2025-12-07,20647427212,Performance Max-2,customers/5626118344/conversionActions/7362981596,Google Shopping App Begin Checkout,BEGIN_CHECKOUT,0.000000,0.000000,5.172027,412.751007
2025-12-01,2025-12-07,20647427212,Performance Max-2,customers/5626118344/conversionActions/7362981722,Google Shopping App Page View,PAGE_VIEW,0.000000,0.000000,3924.858562,3462.534993
2025-12-01,2025-12-07,20647427212,Performance Max-2,customers/5626118344/conversionActions/7362981593,Google Shopping App Purchase,PURCHASE,15.584939,3539.859422,15.584939,3539.859422
2025-12-01,2025-12-07,20647427212,Performance Max-2,customers/5626118344/conversionActions/7362981728,Google Shopping App Search,PAGE_VIEW,0.000000,0.000000,193.039042,179.712797
2025-12-01,2025-12-07,20647427212,Performance Max-2,customers/5626118344/conversionActions/7362981725,Google Shopping App View Item,PAGE_VIEW,0.000000,0.000000,2574.952343,2272.301970
2025-12-08,2025-12-14,20647427212,Performance Max-2,customers/5626118344/conversionActions/7362981731,Google Shopping App Add Payment Info,DEFAULT,0.000000,0.000000,5.676052,5.676052
2025-12-08,2025-12-14,20647427212,Performance Max-2,customers/5626118344/conversionActions/7362981599,Google Shopping App Add To Cart,ADD_TO_CART,0.000000,0.000000,112.902320,49724.568025
2025-12-08,2025-12-14,20647427212,Performance Max-2,customers/5626118344/conversionActions/7362981596,Google Shopping App Begin Checkout,BEGIN_CHECKOUT,0.000000,0.000000,2.878102,246.989572
2025-12-08,2025-12-14,20647427212,Performance Max-2,customers/5626118344/conversionActions/7362981722,Google Shopping App Page View,PAGE_VIEW,0.000000,0.000000,3715.217207,3156.926583
2025-12-08,2025-12-14,20647427212,Performance Max-2,customers/5626118344/conversionActions/7362981593,Google Shopping App Purchase,PURCHASE,11.715734,1164.410895,11.715734,1164.410895
2025-12-08,2025-12-14,20647427212,Performance Max-2,customers/5626118344/conversionActions/7362981728,Google Shopping App Search,PAGE_VIEW,0.000000,0.000000,145.448444,131.036342
2025-12-08,2025-12-14,20647427212,Performance Max-2,customers/5626118344/conversionActions/7362981725,Google Shopping App View Item,PAGE_VIEW,0.000000,0.000000,2504.507318,2093.670819
2025-12-15,2025-12-21,20647427212,Performance Max-2,customers/5626118344/conversionActions/7362981731,Google Shopping App Add Payment Info,DEFAULT,0.000000,0.000000,4.003862,4.003862
2025-12-15,2025-12-21,20647427212,Performance Max-2,customers/5626118344/conversionActions/7362981599,Google Shopping App Add To Cart,ADD_TO_CART,0.000000,0.000000,122.446448,32979.842007
2025-12-15,2025-12-21,20647427212,Performance Max-2,customers/5626118344/conversionActions/7362981596,Google Shopping App Begin Checkout,BEGIN_CHECKOUT,0.000000,0.000000,4.978180,513.357108
2025-12-15,2025-12-21,20647427212,Performance Max-2,customers/5626118344/conversionActions/7362981722,Google Shopping App Page View,PAGE_VIEW,0.000000,0.000000,3778.571642,3336.067864
2025-12-15,2025-12-21,20647427212,Performance Max-2,customers/5626118344/conversionActions/7362981593,Google Shopping App Purchase,PURCHASE,15.117878,1374.657577,15.117878,1374.657577
2025-12-15,2025-12-21,20647427212,Performance Max-2,customers/5626118344/conversionActions/7362981728,Google Shopping App Search,PAGE_VIEW,0.000000,0.000000,175.754266,152.786783
2025-12-15,2025-12-21,20647427212,Performance Max-2,customers/5626118344/conversionActions/7362981725,Google Shopping App View Item,PAGE_VIEW,0.000000,0.000000,2779.024507,2466.243134
2025-12-22,2025-12-28,20647427212,Performance Max-2,customers/5626118344/conversionActions/7362981731,Google Shopping App Add Payment Info,DEFAULT,0.000000,0.000000,4.994578,4.994578
2025-12-22,2025-12-28,20647427212,Performance Max-2,customers/5626118344/conversionActions/7362981599,Google Shopping App Add To Cart,ADD_TO_CART,0.000000,0.000000,113.142878,23754.118448
2025-12-22,2025-12-28,20647427212,Performance Max-2,customers/5626118344/conversionActions/7362981596,Google Shopping App Begin Checkout,BEGIN_CHECKOUT,0.000000,0.000000,6.515452,726.287643
2025-12-22,2025-12-28,20647427212,Performance Max-2,customers/5626118344/conversionActions/7362981722,Google Shopping App Page View,PAGE_VIEW,0.000000,0.000000,3909.189613,3489.547138
2025-12-22,2025-12-28,20647427212,Performance Max-2,customers/5626118344/conversionActions/7362981593,Google Shopping App Purchase,PURCHASE,13.809625,1969.578079,13.809625,1969.578079
2025-12-22,2025-12-28,20647427212,Performance Max-2,customers/5626118344/conversionActions/7362981728,Google Shopping App Search,PAGE_VIEW,0.000000,0.000000,122.030494,110.817957
2025-12-22,2025-12-28,20647427212,Performance Max-2,customers/5626118344/conversionActions/7362981725,Google Shopping App View Item,PAGE_VIEW,0.000000,0.000000,2597.535237,2325.385783
2025-12-29,2026-01-04,20647427212,Performance Max-2,customers/5626118344/conversionActions/7362981731,Google Shopping App Add Payment Info,DEFAULT,0.000000,0.000000,6.995662,6.995662
2025-12-29,2026-01-04,20647427212,Performance Max-2,customers/5626118344/conversionActions/7362981599,Google Shopping App Add To Cart,ADD_TO_CART,0.000000,0.000000,176.883739,49074.327159
2025-12-29,2026-01-04,20647427212,Performance Max-2,customers/5626118344/conversionActions/7362981596,Google Shopping App Begin Checkout,BEGIN_CHECKOUT,0.000000,0.000000,11.487663,2688.131097
2025-12-29,2026-01-04,20647427212,Performance Max-2,customers/5626118344/conversionActions/7362981722,Google Shopping App Page View,PAGE_VIEW,0.000000,0.000000,4776.467553,4261.343998
2025-12-29,2026-01-04,20647427212,Performance Max-2,customers/5626118344/conversionActions/7362981593,Google Shopping App Purchase,PURCHASE,17.993511,11622.527683,17.993511,11622.527683
2025-12-29,2026-01-04,20647427212,Performance Max-2,customers/5626118344/conversionActions/7362981728,Google Shopping App Search,PAGE_VIEW,0.000000,0.000000,150.206319,138.547937
2025-12-29,2026-01-04,20647427212,Performance Max-2,customers/5626118344/conversionActions/7362981725,Google Shopping App View Item,PAGE_VIEW,0.000000,0.000000,3419.310236,2984.306463
2026-01-05,2026-01-11,20647427212,Performance Max-2,customers/5626118344/conversionActions/7362981731,Google Shopping App Add Payment Info,DEFAULT,0.000000,0.000000,2.995817,2.995817
2026-01-05,2026-01-11,20647427212,Performance Max-2,customers/5626118344/conversionActions/7362981599,Google Shopping App Add To Cart,ADD_TO_CART,0.000000,0.000000,125.824139,47554.252376
2026-01-05,2026-01-11,20647427212,Performance Max-2,customers/5626118344/conversionActions/7362981596,Google Shopping App Begin Checkout,BEGIN_CHECKOUT,0.000000,0.000000,4.961033,527.132616
2026-01-05,2026-01-11,20647427212,Performance Max-2,customers/5626118344/conversionActions/7362981722,Google Shopping App Page View,PAGE_VIEW,0.000000,0.000000,4302.733048,3874.815143
2026-01-05,2026-01-11,20647427212,Performance Max-2,customers/5626118344/conversionActions/7362981593,Google Shopping App Purchase,PURCHASE,19.668195,2542.557207,19.668195,2542.557207
2026-01-05,2026-01-11,20647427212,Performance Max-2,customers/5626118344/conversionActions/7362981728,Google Shopping App Search,PAGE_VIEW,0.000000,0.000000,172.374607,153.889280
2026-01-05,2026-01-11,20647427212,Performance Max-2,customers/5626118344/conversionActions/7362981725,Google Shopping App View Item,PAGE_VIEW,0.000000,0.000000,2925.645484,2598.968753
2026-01-12,2026-01-18,20647427212,Performance Max-2,customers/5626118344/conversionActions/7362981731,Google Shopping App Add Payment Info,DEFAULT,0.000000,0.000000,18.496193,18.496193
2026-01-12,2026-01-18,20647427212,Performance Max-2,customers/5626118344/conversionActions/7362981599,Google Shopping App Add To Cart,ADD_TO_CART,0.000000,0.000000,116.207415,65850.426415
2026-01-12,2026-01-18,20647427212,Performance Max-2,customers/5626118344/conversionActions/7362981596,Google Shopping App Begin Checkout,BEGIN_CHECKOUT,0.000000,0.000000,6.730165,12262.082802
2026-01-12,2026-01-18,20647427212,Performance Max-2,customers/5626118344/conversionActions/7362981722,Google Shopping App Page View,PAGE_VIEW,0.000000,0.000000,5721.359716,5127.580445
2026-01-12,2026-01-18,20647427212,Performance Max-2,customers/5626118344/conversionActions/7362981593,Google Shopping App Purchase,PURCHASE,38.535698,12666.275097,38.535698,12666.275097
2026-01-12,2026-01-18,20647427212,Performance Max-2,customers/5626118344/conversionActions/7362981728,Google Shopping App Search,PAGE_VIEW,0.000000,0.000000,197.299700,183.878602
2026-01-12,2026-01-18,20647427212,Performance Max-2,customers/5626118344/conversionActions/7362981725,Google Shopping App View Item,PAGE_VIEW,0.000000,0.000000,3953.099512,3559.161145
2026-01-19,2026-01-25,20647427212,Performance Max-2,customers/5626118344/conversionActions/7362981731,Google Shopping App Add Payment Info,DEFAULT,0.000000,0.000000,6.250780,6.250780
2026-01-19,2026-01-25,20647427212,Performance Max-2,customers/5626118344/conversionActions/7362981599,Google Shopping App Add To Cart,ADD_TO_CART,0.000000,0.000000,112.459590,80384.499369
2026-01-19,2026-01-25,20647427212,Performance Max-2,customers/5626118344/conversionActions/7362981596,Google Shopping App Begin Checkout,BEGIN_CHECKOUT,0.000000,0.000000,4.565786,5802.539386
2026-01-19,2026-01-25,20647427212,Performance Max-2,customers/5626118344/conversionActions/7362981722,Google Shopping App Page View,PAGE_VIEW,0.000000,0.000000,4388.808914,3885.916226
2026-01-19,2026-01-25,20647427212,Performance Max-2,customers/5626118344/conversionActions/7362981593,Google Shopping App Purchase,PURCHASE,23.337232,10978.519182,23.337232,10978.519182
2026-01-19,2026-01-25,20647427212,Performance Max-2,customers/5626118344/conversionActions/7362981728,Google Shopping App Search,PAGE_VIEW,0.000000,0.000000,181.849928,170.369267
2026-01-19,2026-01-25,20647427212,Performance Max-2,customers/5626118344/conversionActions/7362981725,Google Shopping App View Item,PAGE_VIEW,0.000000,0.000000,2875.892398,2533.153434
2026-01-26,2026-02-01,20647427212,Performance Max-2,customers/5626118344/conversionActions/7362981731,Google Shopping App Add Payment Info,DEFAULT,0.000000,0.000000,2.499220,2.499220
2026-01-26,2026-02-01,20647427212,Performance Max-2,customers/5626118344/conversionActions/7362981599,Google Shopping App Add To Cart,ADD_TO_CART,0.000000,0.000000,76.996527,60853.295327
2026-01-26,2026-02-01,20647427212,Performance Max-2,customers/5626118344/conversionActions/7362981596,Google Shopping App Begin Checkout,BEGIN_CHECKOUT,0.000000,0.000000,1.578881,289.242952
2026-01-26,2026-02-01,20647427212,Performance Max-2,customers/5626118344/conversionActions/7362981722,Google Shopping App Page View,PAGE_VIEW,0.000000,0.000000,4674.400087,4274.829497
2026-01-26,2026-02-01,20647427212,Performance Max-2,customers/5626118344/conversionActions/7362981593,Google Shopping App Purchase,PURCHASE,20.610203,6219.958398,20.610203,6219.958398
2026-01-26,2026-02-01,20647427212,Performance Max-2,customers/5626118344/conversionActions/7362981728,Google Shopping App Search,PAGE_VIEW,0.000000,0.000000,379.866970,359.864527
2026-01-26,2026-02-01,20647427212,Performance Max-2,customers/5626118344/conversionActions/7362981725,Google Shopping App View Item,PAGE_VIEW,0.000000,0.000000,3118.501557,2847.341475
2026-02-02,2026-02-08,20647427212,Performance Max-2,customers/5626118344/conversionActions/7362981731,Google Shopping App Add Payment Info,DEFAULT,0.000000,0.000000,7.508192,7.508192
2026-02-02,2026-02-08,20647427212,Performance Max-2,customers/5626118344/conversionActions/7362981599,Google Shopping App Add To Cart,ADD_TO_CART,0.000000,0.000000,96.882327,39876.930329
2026-02-02,2026-02-08,20647427212,Performance Max-2,customers/5626118344/conversionActions/7362981596,Google Shopping App Begin Checkout,BEGIN_CHECKOUT,0.000000,0.000000,4.684285,3169.900148
2026-02-02,2026-02-08,20647427212,Performance Max-2,customers/5626118344/conversionActions/7362981722,Google Shopping App Page View,PAGE_VIEW,0.000000,0.000000,5515.275789,5062.877374
2026-02-02,2026-02-08,20647427212,Performance Max-2,customers/5626118344/conversionActions/7362981593,Google Shopping App Purchase,PURCHASE,27.195481,1811.891286,27.195481,1811.891286
2026-02-02,2026-02-08,20647427212,Performance Max-2,customers/5626118344/conversionActions/7362981728,Google Shopping App Search,PAGE_VIEW,0.000000,0.000000,201.989827,183.183966
2026-02-02,2026-02-08,20647427212,Performance Max-2,customers/5626118344/conversionActions/7362981725,Google Shopping App View Item,PAGE_VIEW,0.000000,0.000000,3900.621095,3564.046585
2026-02-09,2026-02-15,20647427212,Performance Max-2,customers/5626118344/conversionActions/7362981731,Google Shopping App Add Payment Info,DEFAULT,0.000000,0.000000,3.841963,3.841963
2026-02-09,2026-02-15,20647427212,Performance Max-2,customers/5626118344/conversionActions/7362981599,Google Shopping App Add To Cart,ADD_TO_CART,0.000000,0.000000,81.712764,35149.383987
2026-02-09,2026-02-15,20647427212,Performance Max-2,customers/5626118344/conversionActions/7362981596,Google Shopping App Begin Checkout,BEGIN_CHECKOUT,0.000000,0.000000,1.013998,2266.870724
2026-02-09,2026-02-15,20647427212,Performance Max-2,customers/5626118344/conversionActions/7362981722,Google Shopping App Page View,PAGE_VIEW,0.000000,0.000000,5013.034619,4581.467798
2026-02-09,2026-02-15,20647427212,Performance Max-2,customers/5626118344/conversionActions/7362981593,Google Shopping App Purchase,PURCHASE,17.920110,1507.298600,17.920110,1507.298600
2026-02-09,2026-02-15,20647427212,Performance Max-2,customers/5626118344/conversionActions/7362981728,Google Shopping App Search,PAGE_VIEW,0.000000,0.000000,157.820498,143.305958
2026-02-09,2026-02-15,20647427212,Performance Max-2,customers/5626118344/conversionActions/7362981725,Google Shopping App View Item,PAGE_VIEW,0.000000,0.000000,3512.499965,3209.730746
2026-02-16,2026-02-22,20647427212,Performance Max-2,customers/5626118344/conversionActions/7362981731,Google Shopping App Add Payment Info,DEFAULT,0.000000,0.000000,9.517610,9.517610
2026-02-16,2026-02-22,20647427212,Performance Max-2,customers/5626118344/conversionActions/7362981599,Google Shopping App Add To Cart,ADD_TO_CART,0.000000,0.000000,109.694873,59099.649756
2026-02-16,2026-02-22,20647427212,Performance Max-2,customers/5626118344/conversionActions/7362981596,Google Shopping App Begin Checkout,BEGIN_CHECKOUT,0.000000,0.000000,4.523330,2724.467873
2026-02-16,2026-02-22,20647427212,Performance Max-2,customers/5626118344/conversionActions/7362981722,Google Shopping App Page View,PAGE_VIEW,0.000000,0.000000,4354.477722,4018.908361
2026-02-16,2026-02-22,20647427212,Performance Max-2,customers/5626118344/conversionActions/7362981593,Google Shopping App Purchase,PURCHASE,20.125468,7337.900743,21.125468,7372.890743
2026-02-16,2026-02-22,20647427212,Performance Max-2,customers/5626118344/conversionActions/7362981728,Google Shopping App Search,PAGE_VIEW,0.000000,0.000000,210.681912,200.451289
2026-02-16,2026-02-22,20647427212,Performance Max-2,customers/5626118344/conversionActions/7362981725,Google Shopping App View Item,PAGE_VIEW,0.000000,0.000000,3107.600632,2870.483106
2026-02-23,2026-03-01,20647427212,Performance Max-2,customers/5626118344/conversionActions/7362981731,Google Shopping App Add Payment Info,DEFAULT,0.000000,0.000000,3.988297,3.988297
2026-02-23,2026-03-01,20647427212,Performance Max-2,customers/5626118344/conversionActions/7362981599,Google Shopping App Add To Cart,ADD_TO_CART,0.000000,0.000000,68.343053,22179.168464
2026-02-23,2026-03-01,20647427212,Performance Max-2,customers/5626118344/conversionActions/7362981596,Google Shopping App Begin Checkout,BEGIN_CHECKOUT,0.000000,0.000000,4.000000,1344.710000
2026-02-23,2026-03-01,20647427212,Performance Max-2,customers/5626118344/conversionActions/7362981722,Google Shopping App Page View,PAGE_VIEW,0.000000,0.000000,4910.753969,4541.448230
2026-02-23,2026-03-01,20647427212,Performance Max-2,customers/5626118344/conversionActions/7362981593,Google Shopping App Purchase,PURCHASE,23.328977,2177.097654,23.328977,2177.097654
2026-02-23,2026-03-01,20647427212,Performance Max-2,customers/5626118344/conversionActions/7362981728,Google Shopping App Search,PAGE_VIEW,0.000000,0.000000,186.725728,179.123428
2026-02-23,2026-03-01,20647427212,Performance Max-2,customers/5626118344/conversionActions/7362981725,Google Shopping App View Item,PAGE_VIEW,0.000000,0.000000,3688.899728,3423.883719
2026-03-02,2026-03-08,20647427212,Performance Max-2,customers/5626118344/conversionActions/7362981731,Google Shopping App Add Payment Info,DEFAULT,0.000000,0.000000,12.154364,12.154364
2026-03-02,2026-03-08,20647427212,Performance Max-2,customers/5626118344/conversionActions/7362981599,Google Shopping App Add To Cart,ADD_TO_CART,0.000000,0.000000,96.710566,78842.773582
2026-03-02,2026-03-08,20647427212,Performance Max-2,customers/5626118344/conversionActions/7362981596,Google Shopping App Begin Checkout,BEGIN_CHECKOUT,0.000000,0.000000,7.957990,7921.079860
2026-03-02,2026-03-08,20647427212,Performance Max-2,customers/5626118344/conversionActions/7362981722,Google Shopping App Page View,PAGE_VIEW,0.000000,0.000000,5289.851465,4883.917796
2026-03-02,2026-03-08,20647427212,Performance Max-2,customers/5626118344/conversionActions/7362981593,Google Shopping App Purchase,PURCHASE,26.066635,9333.290760,27.066635,9336.280760
2026-03-02,2026-03-08,20647427212,Performance Max-2,customers/5626118344/conversionActions/7362981728,Google Shopping App Search,PAGE_VIEW,0.000000,0.000000,182.142918,166.528800
2026-03-02,2026-03-08,20647427212,Performance Max-2,customers/5626118344/conversionActions/7362981725,Google Shopping App View Item,PAGE_VIEW,0.000000,0.000000,3895.754188,3614.547114
2026-03-09,2026-03-15,20647427212,Performance Max-2,customers/5626118344/conversionActions/7362981731,Google Shopping App Add Payment Info,DEFAULT,0.000000,0.000000,8.053932,8.053932
2026-03-09,2026-03-15,20647427212,Performance Max-2,customers/5626118344/conversionActions/7362981599,Google Shopping App Add To Cart,ADD_TO_CART,0.000000,0.000000,61.319977,40758.432272
2026-03-09,2026-03-15,20647427212,Performance Max-2,customers/5626118344/conversionActions/7362981722,Google Shopping App Page View,PAGE_VIEW,0.000000,0.000000,4074.288848,3799.546926
2026-03-09,2026-03-15,20647427212,Performance Max-2,customers/5626118344/conversionActions/7362981593,Google Shopping App Purchase,PURCHASE,30.011621,3084.105282,30.011621,3084.105282
2026-03-09,2026-03-15,20647427212,Performance Max-2,customers/5626118344/conversionActions/7362981728,Google Shopping App Search,PAGE_VIEW,0.000000,0.000000,151.695423,140.729674
2026-03-09,2026-03-15,20647427212,Performance Max-2,customers/5626118344/conversionActions/7362981725,Google Shopping App View Item,PAGE_VIEW,0.000000,0.000000,3163.726267,2955.681401
2026-03-16,2026-03-22,20647427212,Performance Max-2,customers/5626118344/conversionActions/7362981731,Google Shopping App Add Payment Info,DEFAULT,0.000000,0.000000,10.498677,10.498677
2026-03-16,2026-03-22,20647427212,Performance Max-2,customers/5626118344/conversionActions/7362981599,Google Shopping App Add To Cart,ADD_TO_CART,0.000000,0.000000,57.751691,29417.101751
2026-03-16,2026-03-22,20647427212,Performance Max-2,customers/5626118344/conversionActions/7362981596,Google Shopping App Begin Checkout,BEGIN_CHECKOUT,0.000000,0.000000,2.000000,2645.860000
2026-03-16,2026-03-22,20647427212,Performance Max-2,customers/5626118344/conversionActions/7362981722,Google Shopping App Page View,PAGE_VIEW,0.000000,0.000000,4039.592884,3905.436133
2026-03-16,2026-03-22,20647427212,Performance Max-2,customers/5626118344/conversionActions/7362981593,Google Shopping App Purchase,PURCHASE,27.483607,6866.181321,27.483607,6866.181321
2026-03-16,2026-03-22,20647427212,Performance Max-2,customers/5626118344/conversionActions/7362981728,Google Shopping App Search,PAGE_VIEW,0.000000,0.000000,133.874707,127.009765
2026-03-16,2026-03-22,20647427212,Performance Max-2,customers/5626118344/conversionActions/7362981725,Google Shopping App View Item,PAGE_VIEW,0.000000,0.000000,2941.421141,2846.928360
2026-03-23,2026-03-29,20647427212,Performance Max-2,customers/5626118344/conversionActions/7362981731,Google Shopping App Add Payment Info,DEFAULT,0.000000,0.000000,4.666667,4.666667
2026-03-23,2026-03-29,20647427212,Performance Max-2,customers/5626118344/conversionActions/7362981599,Google Shopping App Add To Cart,ADD_TO_CART,0.000000,0.000000,50.067372,27426.240408
2026-03-23,2026-03-29,20647427212,Performance Max-2,customers/5626118344/conversionActions/7362981596,Google Shopping App Begin Checkout,BEGIN_CHECKOUT,0.000000,0.000000,0.666667,193.320097
2026-03-23,2026-03-29,20647427212,Performance Max-2,customers/5626118344/conversionActions/7362981722,Google Shopping App Page View,PAGE_VIEW,0.000000,0.000000,4342.214463,4166.852918
2026-03-23,2026-03-29,20647427212,Performance Max-2,customers/5626118344/conversionActions/7362981593,Google Shopping App Purchase,PURCHASE,26.858855,3953.669337,26.858855,3953.669337
2026-03-23,2026-03-29,20647427212,Performance Max-2,customers/5626118344/conversionActions/7362981728,Google Shopping App Search,PAGE_VIEW,0.000000,0.000000,139.375444,128.900681
2026-03-23,2026-03-29,20647427212,Performance Max-2,customers/5626118344/conversionActions/7362981725,Google Shopping App View Item,PAGE_VIEW,0.000000,0.000000,3203.331151,3096.763182
2026-03-30,2026-04-05,20647427212,Performance Max-2,customers/5626118344/conversionActions/7362981731,Google Shopping App Add Payment Info,DEFAULT,0.000000,0.000000,5.002164,5.002164
2026-03-30,2026-04-05,20647427212,Performance Max-2,customers/5626118344/conversionActions/7362981599,Google Shopping App Add To Cart,ADD_TO_CART,0.000000,0.000000,47.175791,21442.034170
2026-03-30,2026-04-05,20647427212,Performance Max-2,customers/5626118344/conversionActions/7362981596,Google Shopping App Begin Checkout,BEGIN_CHECKOUT,0.000000,0.000000,2.529699,3116.404469
2026-03-30,2026-04-05,20647427212,Performance Max-2,customers/5626118344/conversionActions/7362981722,Google Shopping App Page View,PAGE_VIEW,0.000000,0.000000,4448.062291,4199.453076
2026-03-30,2026-04-05,20647427212,Performance Max-2,customers/5626118344/conversionActions/7362981593,Google Shopping App Purchase,PURCHASE,26.783368,6219.806704,26.783368,6219.806704
2026-03-30,2026-04-05,20647427212,Performance Max-2,customers/5626118344/conversionActions/7362981728,Google Shopping App Search,PAGE_VIEW,0.000000,0.000000,159.642548,146.491947
2026-03-30,2026-04-05,20647427212,Performance Max-2,customers/5626118344/conversionActions/7362981725,Google Shopping App View Item,PAGE_VIEW,0.000000,0.000000,3246.826804,3045.538215
2026-04-06,2026-04-12,20647427212,Performance Max-2,customers/5626118344/conversionActions/7362981731,Google Shopping App Add Payment Info,DEFAULT,0.000000,0.000000,5.000000,5.000000
2026-04-06,2026-04-12,20647427212,Performance Max-2,customers/5626118344/conversionActions/7362981599,Google Shopping App Add To Cart,ADD_TO_CART,0.000000,0.000000,76.731684,79271.118234
2026-04-06,2026-04-12,20647427212,Performance Max-2,customers/5626118344/conversionActions/7362981596,Google Shopping App Begin Checkout,BEGIN_CHECKOUT,0.000000,0.000000,2.000000,1560.900000
2026-04-06,2026-04-12,20647427212,Performance Max-2,customers/5626118344/conversionActions/7362981722,Google Shopping App Page View,PAGE_VIEW,0.000000,0.000000,5070.118207,4912.155447
2026-04-06,2026-04-12,20647427212,Performance Max-2,customers/5626118344/conversionActions/7362981593,Google Shopping App Purchase,PURCHASE,23.611451,8688.518008,23.611451,8688.518008
2026-04-06,2026-04-12,20647427212,Performance Max-2,customers/5626118344/conversionActions/7362981728,Google Shopping App Search,PAGE_VIEW,0.000000,0.000000,186.253373,176.636102
2026-04-06,2026-04-12,20647427212,Performance Max-2,customers/5626118344/conversionActions/7362981725,Google Shopping App View Item,PAGE_VIEW,0.000000,0.000000,3198.243419,3094.879471
2026-04-13,2026-04-19,20647427212,Performance Max-2,customers/5626118344/conversionActions/7362981731,Google Shopping App Add Payment Info,DEFAULT,0.000000,0.000000,2.666666,2.666666
2026-04-13,2026-04-19,20647427212,Performance Max-2,customers/5626118344/conversionActions/7362981599,Google Shopping App Add To Cart,ADD_TO_CART,0.000000,0.000000,95.604110,36747.660089
2026-04-13,2026-04-19,20647427212,Performance Max-2,customers/5626118344/conversionActions/7362981596,Google Shopping App Begin Checkout,BEGIN_CHECKOUT,0.000000,0.000000,4.166666,1144.094793
2026-04-13,2026-04-19,20647427212,Performance Max-2,customers/5626118344/conversionActions/7362981722,Google Shopping App Page View,PAGE_VIEW,0.000000,0.000000,5587.510797,5240.750371
2026-04-13,2026-04-19,20647427212,Performance Max-2,customers/5626118344/conversionActions/7362981593,Google Shopping App Purchase,PURCHASE,31.470911,9117.708251,31.470911,9117.708251
2026-04-13,2026-04-19,20647427212,Performance Max-2,customers/5626118344/conversionActions/7362981728,Google Shopping App Search,PAGE_VIEW,0.000000,0.000000,154.437425,144.635657
2026-04-13,2026-04-19,20647427212,Performance Max-2,customers/5626118344/conversionActions/7362981725,Google Shopping App View Item,PAGE_VIEW,0.000000,0.000000,3867.164976,3634.185927
2026-04-20,2026-04-26,20647427212,Performance Max-2,customers/5626118344/conversionActions/7362981731,Google Shopping App Add Payment Info,DEFAULT,0.000000,0.000000,2.428572,2.428572
2026-04-20,2026-04-26,20647427212,Performance Max-2,customers/5626118344/conversionActions/7362981599,Google Shopping App Add To Cart,ADD_TO_CART,0.000000,0.000000,64.920509,75296.299237
2026-04-20,2026-04-26,20647427212,Performance Max-2,customers/5626118344/conversionActions/7362981596,Google Shopping App Begin Checkout,BEGIN_CHECKOUT,0.000000,0.000000,1.000000,122.990000
2026-04-20,2026-04-26,20647427212,Performance Max-2,customers/5626118344/conversionActions/7362981722,Google Shopping App Page View,PAGE_VIEW,0.000000,0.000000,3615.106841,3467.295809
2026-04-20,2026-04-26,20647427212,Performance Max-2,customers/5626118344/conversionActions/7362981593,Google Shopping App Purchase,PURCHASE,21.275535,32385.202701,22.275535,37638.322701
2026-04-20,2026-04-26,20647427212,Performance Max-2,customers/5626118344/conversionActions/7362981728,Google Shopping App Search,PAGE_VIEW,0.000000,0.000000,82.689760,74.358037
2026-04-20,2026-04-26,20647427212,Performance Max-2,customers/5626118344/conversionActions/7362981725,Google Shopping App View Item,PAGE_VIEW,0.000000,0.000000,2636.234011,2509.599711
2026-04-27,2026-05-03,20647427212,Performance Max-2,customers/5626118344/conversionActions/7362981731,Google Shopping App Add Payment Info,DEFAULT,0.000000,0.000000,1.997836,1.997836
2026-04-27,2026-05-03,20647427212,Performance Max-2,customers/5626118344/conversionActions/7362981599,Google Shopping App Add To Cart,ADD_TO_CART,0.000000,0.000000,48.736153,31932.182411
2026-04-27,2026-05-03,20647427212,Performance Max-2,customers/5626118344/conversionActions/7362981596,Google Shopping App Begin Checkout,BEGIN_CHECKOUT,0.000000,0.000000,0.970301,32.980531
2026-04-27,2026-05-03,20647427212,Performance Max-2,customers/5626118344/conversionActions/7362981722,Google Shopping App Page View,PAGE_VIEW,0.000000,0.000000,3905.561703,3709.815402
2026-04-27,2026-05-03,20647427212,Performance Max-2,customers/5626118344/conversionActions/7362981593,Google Shopping App Purchase,PURCHASE,18.245140,1113.585438,18.245140,1113.585438
2026-04-27,2026-05-03,20647427212,Performance Max-2,customers/5626118344/conversionActions/7362981728,Google Shopping App Search,PAGE_VIEW,0.000000,0.000000,168.849523,161.113200
2026-04-27,2026-05-03,20647427212,Performance Max-2,customers/5626118344/conversionActions/7362981725,Google Shopping App View Item,PAGE_VIEW,0.000000,0.000000,2911.346127,2770.999661
2026-05-04,2026-05-10,20647427212,Performance Max-2,customers/5626118344/conversionActions/7362981731,Google Shopping App Add Payment Info,DEFAULT,0.000000,0.000000,6.844354,6.844354
2026-05-04,2026-05-10,20647427212,Performance Max-2,customers/5626118344/conversionActions/7362981599,Google Shopping App Add To Cart,ADD_TO_CART,0.000000,0.000000,61.468025,31890.292924
2026-05-04,2026-05-10,20647427212,Performance Max-2,customers/5626118344/conversionActions/7362981596,Google Shopping App Begin Checkout,BEGIN_CHECKOUT,0.000000,0.000000,2.833334,467.935207
2026-05-04,2026-05-10,20647427212,Performance Max-2,customers/5626118344/conversionActions/7362981722,Google Shopping App Page View,PAGE_VIEW,0.000000,0.000000,3885.807774,3657.993503
2026-05-04,2026-05-10,20647427212,Performance Max-2,customers/5626118344/conversionActions/7362981593,Google Shopping App Purchase,PURCHASE,18.498685,2444.539320,18.498685,2444.539320
2026-05-04,2026-05-10,20647427212,Performance Max-2,customers/5626118344/conversionActions/7362981728,Google Shopping App Search,PAGE_VIEW,0.000000,0.000000,164.190121,148.152415
2026-05-04,2026-05-10,20647427212,Performance Max-2,customers/5626118344/conversionActions/7362981725,Google Shopping App View Item,PAGE_VIEW,0.000000,0.000000,3064.885542,2903.530679
2026-05-11,2026-05-17,20647427212,Performance Max-2,customers/5626118344/conversionActions/7362981731,Google Shopping App Add Payment Info,DEFAULT,0.000000,0.000000,2.997674,2.997674
2026-05-11,2026-05-17,20647427212,Performance Max-2,customers/5626118344/conversionActions/7362981599,Google Shopping App Add To Cart,ADD_TO_CART,0.000000,0.000000,59.295610,30245.696690
2026-05-11,2026-05-17,20647427212,Performance Max-2,customers/5626118344/conversionActions/7362981722,Google Shopping App Page View,PAGE_VIEW,0.000000,0.000000,4823.727263,4458.299274
2026-05-11,2026-05-17,20647427212,Performance Max-2,customers/5626118344/conversionActions/7362981593,Google Shopping App Purchase,PURCHASE,22.259076,2809.992705,22.259076,2809.992705
2026-05-11,2026-05-17,20647427212,Performance Max-2,customers/5626118344/conversionActions/7362981728,Google Shopping App Search,PAGE_VIEW,0.000000,0.000000,173.664310,171.200968
2026-05-11,2026-05-17,20647427212,Performance Max-2,customers/5626118344/conversionActions/7362981725,Google Shopping App View Item,PAGE_VIEW,0.000000,0.000000,3731.719675,3457.591008
2026-05-18,2026-05-24,20647427212,Performance Max-2,customers/5626118344/conversionActions/7362981731,Google Shopping App Add Payment Info,DEFAULT,0.000000,0.000000,11.453015,11.453015
2026-05-18,2026-05-24,20647427212,Performance Max-2,customers/5626118344/conversionActions/7362981599,Google Shopping App Add To Cart,ADD_TO_CART,0.000000,0.000000,62.255895,34179.765244
2026-05-18,2026-05-24,20647427212,Performance Max-2,customers/5626118344/conversionActions/7362981596,Google Shopping App Begin Checkout,BEGIN_CHECKOUT,0.000000,0.000000,3.500000,4065.750000
2026-05-18,2026-05-24,20647427212,Performance Max-2,customers/5626118344/conversionActions/7362981722,Google Shopping App Page View,PAGE_VIEW,0.000000,0.000000,4272.286308,3961.405366
2026-05-18,2026-05-24,20647427212,Performance Max-2,customers/5626118344/conversionActions/7362981593,Google Shopping App Purchase,PURCHASE,20.617051,3551.307920,20.617051,3551.307920
2026-05-18,2026-05-24,20647427212,Performance Max-2,customers/5626118344/conversionActions/7362981728,Google Shopping App Search,PAGE_VIEW,0.000000,0.000000,115.175117,98.422288
2026-05-18,2026-05-24,20647427212,Performance Max-2,customers/5626118344/conversionActions/7362981725,Google Shopping App View Item,PAGE_VIEW,0.000000,0.000000,3380.700590,3161.611298
2026-05-25,2026-05-31,20647427212,Performance Max-2,customers/5626118344/conversionActions/7362981731,Google Shopping App Add Payment Info,DEFAULT,0.000000,0.000000,5.000000,5.000000
2026-05-25,2026-05-31,20647427212,Performance Max-2,customers/5626118344/conversionActions/7362981599,Google Shopping App Add To Cart,ADD_TO_CART,0.000000,0.000000,62.572538,42319.205979
2026-05-25,2026-05-31,20647427212,Performance Max-2,customers/5626118344/conversionActions/7362981596,Google Shopping App Begin Checkout,BEGIN_CHECKOUT,0.000000,0.000000,8.750000,2782.547500
2026-05-25,2026-05-31,20647427212,Performance Max-2,customers/5626118344/conversionActions/7362981722,Google Shopping App Page View,PAGE_VIEW,0.000000,0.000000,3948.167623,3720.231264
2026-05-25,2026-05-31,20647427212,Performance Max-2,customers/5626118344/conversionActions/7362981593,Google Shopping App Purchase,PURCHASE,9.516461,1072.756503,9.516461,1072.756503
2026-05-25,2026-05-31,20647427212,Performance Max-2,customers/5626118344/conversionActions/7362981728,Google Shopping App Search,PAGE_VIEW,0.000000,0.000000,120.797692,105.715217
2026-05-25,2026-05-31,20647427212,Performance Max-2,customers/5626118344/conversionActions/7362981725,Google Shopping App View Item,PAGE_VIEW,0.000000,0.000000,3076.039391,2898.972238
2026-06-01,2026-06-07,20647427212,Performance Max-2,customers/5626118344/conversionActions/7362981731,Google Shopping App Add Payment Info,DEFAULT,0.000000,0.000000,1.110042,1.110042
2026-06-01,2026-06-07,20647427212,Performance Max-2,customers/5626118344/conversionActions/7362981599,Google Shopping App Add To Cart,ADD_TO_CART,0.000000,0.000000,110.833007,34988.247452
2026-06-01,2026-06-07,20647427212,Performance Max-2,customers/5626118344/conversionActions/7362981596,Google Shopping App Begin Checkout,BEGIN_CHECKOUT,0.000000,0.000000,8.468481,681.769701
2026-06-01,2026-06-07,20647427212,Performance Max-2,customers/5626118344/conversionActions/7362981722,Google Shopping App Page View,PAGE_VIEW,0.000000,0.000000,4522.485771,4310.289817
2026-06-01,2026-06-07,20647427212,Performance Max-2,customers/5626118344/conversionActions/7362981593,Google Shopping App Purchase,PURCHASE,15.023136,2003.713859,15.023136,2003.713859
2026-06-01,2026-06-07,20647427212,Performance Max-2,customers/5626118344/conversionActions/7362981728,Google Shopping App Search,PAGE_VIEW,0.000000,0.000000,137.749152,113.092171
2026-06-01,2026-06-07,20647427212,Performance Max-2,customers/5626118344/conversionActions/7362981725,Google Shopping App View Item,PAGE_VIEW,0.000000,0.000000,3435.333116,3260.965807
2026-06-08,2026-06-14,20647427212,Performance Max-2,customers/5626118344/conversionActions/7362981731,Google Shopping App Add Payment Info,DEFAULT,0.000000,0.000000,8.565999,8.565999
2026-06-08,2026-06-14,20647427212,Performance Max-2,customers/5626118344/conversionActions/7362981599,Google Shopping App Add To Cart,ADD_TO_CART,0.000000,0.000000,108.678309,50435.658621
2026-06-08,2026-06-14,20647427212,Performance Max-2,customers/5626118344/conversionActions/7362981596,Google Shopping App Begin Checkout,BEGIN_CHECKOUT,0.000000,0.000000,13.588805,2869.005173
2026-06-08,2026-06-14,20647427212,Performance Max-2,customers/5626118344/conversionActions/7362981722,Google Shopping App Page View,PAGE_VIEW,0.000000,0.000000,4910.307697,4592.025284
2026-06-08,2026-06-14,20647427212,Performance Max-2,customers/5626118344/conversionActions/7362981593,Google Shopping App Purchase,PURCHASE,23.087028,1760.226466,23.087028,1760.226466
2026-06-08,2026-06-14,20647427212,Performance Max-2,customers/5626118344/conversionActions/7362981728,Google Shopping App Search,PAGE_VIEW,0.000000,0.000000,107.911596,104.911596
2026-06-08,2026-06-14,20647427212,Performance Max-2,customers/5626118344/conversionActions/7362981725,Google Shopping App View Item,PAGE_VIEW,0.000000,0.000000,3648.162947,3423.269635
2026-06-15,2026-06-21,20647427212,Performance Max-2,customers/5626118344/conversionActions/7362981731,Google Shopping App Add Payment Info,DEFAULT,0.000000,0.000000,11.263785,10.263785
2026-06-15,2026-06-21,20647427212,Performance Max-2,customers/5626118344/conversionActions/7362981599,Google Shopping App Add To Cart,ADD_TO_CART,0.000000,0.000000,222.768216,38296.747648
2026-06-15,2026-06-21,20647427212,Performance Max-2,customers/5626118344/conversionActions/7362981596,Google Shopping App Begin Checkout,BEGIN_CHECKOUT,0.000000,0.000000,18.484197,1292.613103
2026-06-15,2026-06-21,20647427212,Performance Max-2,customers/5626118344/conversionActions/7362981722,Google Shopping App Page View,PAGE_VIEW,0.000000,0.000000,5498.332619,5252.401866
2026-06-15,2026-06-21,20647427212,Performance Max-2,customers/5626118344/conversionActions/7362981593,Google Shopping App Purchase,PURCHASE,34.669615,3831.839002,34.669615,3831.839002
2026-06-15,2026-06-21,20647427212,Performance Max-2,customers/5626118344/conversionActions/7362981728,Google Shopping App Search,PAGE_VIEW,0.000000,0.000000,188.174638,183.507416
2026-06-15,2026-06-21,20647427212,Performance Max-2,customers/5626118344/conversionActions/7362981725,Google Shopping App View Item,PAGE_VIEW,0.000000,0.000000,3901.179647,3687.891366
2026-06-15,2026-06-21,20647427212,Performance Max-2,customers/5626118344/conversionActions/7570673429,YouTube channel subscriptions,ENGAGEMENT,0.000000,0.000000,1.000000,1.000000
2026-06-22,2026-06-28,20647427212,Performance Max-2,customers/5626118344/conversionActions/7362981731,Google Shopping App Add Payment Info,DEFAULT,0.000000,0.000000,7.113863,7.113863
2026-06-22,2026-06-28,20647427212,Performance Max-2,customers/5626118344/conversionActions/7362981599,Google Shopping App Add To Cart,ADD_TO_CART,0.000000,0.000000,120.709105,45163.706816
2026-06-22,2026-06-28,20647427212,Performance Max-2,customers/5626118344/conversionActions/7362981596,Google Shopping App Begin Checkout,BEGIN_CHECKOUT,0.000000,0.000000,13.166666,4176.213331
2026-06-22,2026-06-28,20647427212,Performance Max-2,customers/5626118344/conversionActions/7362981722,Google Shopping App Page View,PAGE_VIEW,0.000000,0.000000,5367.947451,5058.617127
2026-06-22,2026-06-28,20647427212,Performance Max-2,customers/5626118344/conversionActions/7362981593,Google Shopping App Purchase,PURCHASE,26.838960,4376.366448,26.838960,4376.366448
2026-06-22,2026-06-28,20647427212,Performance Max-2,customers/5626118344/conversionActions/7362981728,Google Shopping App Search,PAGE_VIEW,0.000000,0.000000,119.824669,108.837925
2026-06-22,2026-06-28,20647427212,Performance Max-2,customers/5626118344/conversionActions/7362981725,Google Shopping App View Item,PAGE_VIEW,0.000000,0.000000,3727.818886,3507.869809
2026-06-29,2026-07-05,20647427212,Performance Max-2,customers/5626118344/conversionActions/7362981731,Google Shopping App Add Payment Info,DEFAULT,0.000000,0.000000,7.011910,7.011910
2026-06-29,2026-07-05,20647427212,Performance Max-2,customers/5626118344/conversionActions/7362981599,Google Shopping App Add To Cart,ADD_TO_CART,0.000000,0.000000,83.075817,40462.907898
2026-06-29,2026-07-05,20647427212,Performance Max-2,customers/5626118344/conversionActions/7362981596,Google Shopping App Begin Checkout,BEGIN_CHECKOUT,0.000000,0.000000,9.913623,691.286653
2026-06-29,2026-07-05,20647427212,Performance Max-2,customers/5626118344/conversionActions/7362981722,Google Shopping App Page View,PAGE_VIEW,0.000000,0.000000,4563.022116,4233.727071
2026-06-29,2026-07-05,20647427212,Performance Max-2,customers/5626118344/conversionActions/7362981593,Google Shopping App Purchase,PURCHASE,18.788494,1781.148136,18.788494,1781.148136
2026-06-29,2026-07-05,20647427212,Performance Max-2,customers/5626118344/conversionActions/7362981728,Google Shopping App Search,PAGE_VIEW,0.000000,0.000000,117.767177,114.749950
2026-06-29,2026-07-05,20647427212,Performance Max-2,customers/5626118344/conversionActions/7362981725,Google Shopping App View Item,PAGE_VIEW,0.000000,0.000000,3132.535065,2910.920451
2026-07-06,2026-07-12,20647427212,Performance Max-2,customers/5626118344/conversionActions/7362981731,Google Shopping App Add Payment Info,DEFAULT,0.000000,0.000000,8.965433,8.965433
2026-07-06,2026-07-12,20647427212,Performance Max-2,customers/5626118344/conversionActions/7362981599,Google Shopping App Add To Cart,ADD_TO_CART,0.000000,0.000000,107.243561,25343.048851
2026-07-06,2026-07-12,20647427212,Performance Max-2,customers/5626118344/conversionActions/7362981596,Google Shopping App Begin Checkout,BEGIN_CHECKOUT,0.000000,0.000000,13.870517,2153.012766
2026-07-06,2026-07-12,20647427212,Performance Max-2,customers/5626118344/conversionActions/7362981722,Google Shopping App Page View,PAGE_VIEW,0.000000,0.000000,4503.078388,4246.685692
2026-07-06,2026-07-12,20647427212,Performance Max-2,customers/5626118344/conversionActions/7362981593,Google Shopping App Purchase,PURCHASE,16.451692,2282.682824,16.451692,2282.682824
2026-07-06,2026-07-12,20647427212,Performance Max-2,customers/5626118344/conversionActions/7362981728,Google Shopping App Search,PAGE_VIEW,0.000000,0.000000,118.422224,116.422224
2026-07-06,2026-07-12,20647427212,Performance Max-2,customers/5626118344/conversionActions/7362981725,Google Shopping App View Item,PAGE_VIEW,0.000000,0.000000,3182.812367,3005.756725
2026-07-13,2026-07-19,20647427212,Performance Max-2,customers/5626118344/conversionActions/7362981731,Google Shopping App Add Payment Info,DEFAULT,0.000000,0.000000,3.132930,3.132930
2026-07-13,2026-07-19,20647427212,Performance Max-2,customers/5626118344/conversionActions/7362981599,Google Shopping App Add To Cart,ADD_TO_CART,0.000000,0.000000,113.145466,54484.842658
2026-07-13,2026-07-19,20647427212,Performance Max-2,customers/5626118344/conversionActions/7362981596,Google Shopping App Begin Checkout,BEGIN_CHECKOUT,0.000000,0.000000,6.142858,5254.617305
2026-07-13,2026-07-19,20647427212,Performance Max-2,customers/5626118344/conversionActions/7362981722,Google Shopping App Page View,PAGE_VIEW,0.000000,0.000000,3893.485879,3732.285180
2026-07-13,2026-07-19,20647427212,Performance Max-2,customers/5626118344/conversionActions/7362981593,Google Shopping App Purchase,PURCHASE,20.913573,1461.319617,20.913573,1461.319617
2026-07-13,2026-07-19,20647427212,Performance Max-2,customers/5626118344/conversionActions/7362981728,Google Shopping App Search,PAGE_VIEW,0.000000,0.000000,81.019813,80.930388
2026-07-13,2026-07-19,20647427212,Performance Max-2,customers/5626118344/conversionActions/7362981725,Google Shopping App View Item,PAGE_VIEW,0.000000,0.000000,2645.376027,2512.714351
